Date,Time,Vehicle_Count,Average_Speed,Waiting_Time
01-01-2026,06:00:00 AM,78,39.0,27.4
01-01-2026,06:01:00 AM,54,55.0,20.2
01-01-2026,06:02:00 AM,60,51.0,19.0
01-01-2026,06:03:00 AM,58,52.0,19.4
01-01-2026,06:04:00 AM,50,57.0,19.0
01-01-2026,06:05:00 AM,75,44.5,24.5
01-01-2026,06:06:00 AM,61,48.5,19.3
01-01-2026,06:07:00 AM,63,48.5,19.9
01-01-2026,06:08:00 AM,60,45.0,21.0
01-01-2026,06:09:00 AM,61,52.5,18.3
01-01-2026,06:10:00 AM,66,51.0,22.8
01-01-2026,06:11:00 AM,55,49.5,19.5
01-01-2026,06:12:00 AM,42,58.0,14.6
01-01-2026,06:13:00 AM,46,56.0,13.8
01-01-2026,06:14:00 AM,78,37.0,26.4
01-01-2026,06:15:00 AM,64,44.0,20.2
01-01-2026,06:16:00 AM,48,60.0,18.4
01-01-2026,06:17:00 AM,41,57.5,15.3
01-01-2026,06:18:00 AM,46,59.0,15.8
01-01-2026,06:19:00 AM,53,48.5,18.9
01-01-2026,06:20:00 AM,79,38.5,24.7
01-01-2026,06:21:00 AM,45,57.5,14.5
01-01-2026,06:22:00 AM,43,58.5,16.9
01-01-2026,06:23:00 AM,57,55.5,20.1
01-01-2026,06:24:00 AM,73,47.5,24.9
01-01-2026,06:25:00 AM,53,55.5,18.9
01-01-2026,06:26:00 AM,79,39.5,27.7
01-01-2026,06:27:00 AM,57,50.5,18.1
01-01-2026,06:28:00 AM,64,51.0,23.2
01-01-2026,06:29:00 AM,54,48.0,16.2
01-01-2026,06:30:00 AM,46,60.0,13.8
01-01-2026,06:31:00 AM,47,58.5,16.1
01-01-2026,06:32:00 AM,56,54.0,18.8
01-01-2026,06:33:00 AM,74,38.0,24.2
01-01-2026,06:34:00 AM,44,62.0,14.2
01-01-2026,06:35:00 AM,67,47.5,20.1
01-01-2026,06:36:00 AM,47,52.5,14.1
01-01-2026,06:37:00 AM,62,51.0,22.6
01-01-2026,06:38:00 AM,74,45.0,24.2
01-01-2026,06:39:00 AM,74,38.0,24.2
01-01-2026,06:40:00 AM,76,39.0,22.8
01-01-2026,06:41:00 AM,44,62.0,15.2
01-01-2026,06:42:00 AM,48,60.0,15.4
01-01-2026,06:43:00 AM,52,51.0,15.6
01-01-2026,06:44:00 AM,71,42.5,25.3
01-01-2026,06:45:00 AM,62,50.0,22.6
01-01-2026,06:46:00 AM,54,51.0,20.2
01-01-2026,06:47:00 AM,71,45.5,23.3
01-01-2026,06:48:00 AM,61,45.5,19.3
01-01-2026,06:49:00 AM,45,55.5,15.5
01-01-2026,06:50:00 AM,67,49.5,20.1
01-01-2026,06:51:00 AM,40,63.0,14.0
01-01-2026,06:52:00 AM,52,57.0,17.6
01-01-2026,06:53:00 AM,78,41.0,25.4
01-01-2026,06:54:00 AM,48,55.0,14.4
01-01-2026,06:55:00 AM,63,48.5,18.9
01-01-2026,06:56:00 AM,51,55.5,16.3
01-01-2026,06:57:00 AM,42,54.0,16.6
01-01-2026,06:58:00 AM,56,47.0,17.8
01-01-2026,06:59:00 AM,41,59.5,16.3
01-01-2026,07:00:00 AM,71,39.5,21.3
01-01-2026,07:01:00 AM,58,47.0,21.4
01-01-2026,07:02:00 AM,65,47.5,22.5
01-01-2026,07:03:00 AM,50,57.0,17.0
01-01-2026,07:04:00 AM,56,52.0,20.8
01-01-2026,07:05:00 AM,73,43.5,23.9
01-01-2026,07:06:00 AM,55,47.5,16.5
01-01-2026,07:07:00 AM,45,54.5,16.5
01-01-2026,07:08:00 AM,75,39.5,23.5
01-01-2026,07:09:00 AM,42,56.0,15.6
01-01-2026,07:10:00 AM,71,45.5,24.3
01-01-2026,07:11:00 AM,72,46.0,22.6
01-01-2026,07:12:00 AM,79,35.5,25.7
01-01-2026,07:13:00 AM,67,49.5,20.1
01-01-2026,07:14:00 AM,62,53.0,20.6
01-01-2026,07:15:00 AM,46,61.0,13.8
01-01-2026,07:16:00 AM,41,54.5,15.3
01-01-2026,07:17:00 AM,44,57.0,15.2
01-01-2026,07:18:00 AM,48,59.0,16.4
01-01-2026,07:19:00 AM,58,48.0,20.4
01-01-2026,07:20:00 AM,63,48.5,18.9
01-01-2026,07:21:00 AM,63,46.5,20.9
01-01-2026,07:22:00 AM,47,54.5,17.1
01-01-2026,07:23:00 AM,74,46.0,24.2
01-01-2026,07:24:00 AM,64,44.0,20.2
01-01-2026,07:25:00 AM,41,59.5,14.3
01-01-2026,07:26:00 AM,55,55.5,19.5
01-01-2026,07:27:00 AM,72,42.0,21.6
01-01-2026,07:28:00 AM,53,52.5,18.9
01-01-2026,07:29:00 AM,47,57.5,16.1
01-01-2026,07:30:00 AM,56,47.0,19.8
01-01-2026,07:31:00 AM,61,50.5,22.3
01-01-2026,07:32:00 AM,47,52.5,18.1
01-01-2026,07:33:00 AM,69,40.5,23.7
01-01-2026,07:34:00 AM,72,43.0,24.6
01-01-2026,07:35:00 AM,58,49.0,19.4
01-01-2026,07:36:00 AM,56,51.0,18.8
01-01-2026,07:37:00 AM,76,44.0,26.8
01-01-2026,07:38:00 AM,70,42.0,24.0
01-01-2026,07:39:00 AM,72,42.0,25.6
01-01-2026,07:40:00 AM,60,51.0,18.0
01-01-2026,07:41:00 AM,42,55.0,12.6
01-01-2026,07:42:00 AM,70,45.0,22.0
01-01-2026,07:43:00 AM,42,61.0,13.6
01-01-2026,07:44:00 AM,71,44.5,22.3
01-01-2026,07:45:00 AM,66,51.0,20.8
01-01-2026,07:46:00 AM,65,42.5,19.5
01-01-2026,07:47:00 AM,48,56.0,18.4
01-01-2026,07:48:00 AM,65,44.5,20.5
01-01-2026,07:49:00 AM,64,50.0,23.2
01-01-2026,07:50:00 AM,46,60.0,16.8
01-01-2026,07:51:00 AM,59,45.5,20.7
01-01-2026,07:52:00 AM,62,45.0,19.6
01-01-2026,07:53:00 AM,71,45.5,23.3
01-01-2026,07:54:00 AM,64,52.0,23.2
01-01-2026,07:55:00 AM,61,53.5,19.3
01-01-2026,07:56:00 AM,61,44.5,21.3
01-01-2026,07:57:00 AM,45,57.5,15.5
01-01-2026,07:58:00 AM,76,37.0,26.8
01-01-2026,07:59:00 AM,44,59.0,16.2
01-01-2026,08:00:00 AM,45,55.5,15.5
01-01-2026,08:01:00 AM,79,38.5,27.7
01-01-2026,08:02:00 AM,69,42.5,20.7
01-01-2026,08:03:00 AM,58,55.0,18.4
01-01-2026,08:04:00 AM,76,46.0,26.8
01-01-2026,08:05:00 AM,62,52.0,21.6
01-01-2026,08:06:00 AM,40,64.0,13.0
01-01-2026,08:07:00 AM,40,56.0,12.0
01-01-2026,08:08:00 AM,79,39.5,23.7
01-01-2026,08:09:00 AM,55,53.5,20.5
01-01-2026,08:10:00 AM,61,50.5,20.3
01-01-2026,08:11:00 AM,51,58.5,17.3
01-01-2026,08:12:00 AM,76,42.0,22.8
01-01-2026,08:13:00 AM,68,45.0,20.4
01-01-2026,08:14:00 AM,69,43.5,24.7
01-01-2026,08:15:00 AM,51,58.5,16.3
01-01-2026,08:16:00 AM,60,51.0,21.0
01-01-2026,08:17:00 AM,72,43.0,22.6
01-01-2026,08:18:00 AM,49,55.5,18.7
01-01-2026,08:19:00 AM,75,38.5,25.5
01-01-2026,08:20:00 AM,70,49.0,22.0
01-01-2026,08:21:00 AM,58,55.0,17.4
01-01-2026,08:22:00 AM,44,56.0,14.2
01-01-2026,08:23:00 AM,67,44.5,23.1
01-01-2026,08:24:00 AM,74,38.0,22.2
01-01-2026,08:25:00 AM,76,39.0,22.8
01-01-2026,08:26:00 AM,72,46.0,22.6
01-01-2026,08:27:00 AM,68,42.0,24.4
01-01-2026,08:28:00 AM,74,44.0,22.2
01-01-2026,08:29:00 AM,65,49.5,23.5
01-01-2026,08:30:00 AM,65,51.5,20.5
01-01-2026,08:31:00 AM,113,20.5,33.9
01-01-2026,08:32:00 AM,86,35.0,26.8
01-01-2026,08:33:00 AM,90,37.0,30.0
01-01-2026,08:34:00 AM,104,27.0,35.2
01-01-2026,08:35:00 AM,115,26.5,38.5
01-01-2026,08:36:00 AM,88,38.0,28.4
01-01-2026,08:37:00 AM,114,21.0,35.2
01-01-2026,08:38:00 AM,118,23.0,39.4
01-01-2026,08:39:00 AM,91,29.5,31.3
01-01-2026,08:40:00 AM,102,32.0,32.6
01-01-2026,08:41:00 AM,109,20.5,32.7
01-01-2026,08:42:00 AM,99,33.5,33.7
01-01-2026,08:43:00 AM,98,26.0,32.4
01-01-2026,08:44:00 AM,91,37.5,29.3
01-01-2026,08:45:00 AM,91,37.5,30.3
01-01-2026,08:46:00 AM,93,31.5,29.9
01-01-2026,08:47:00 AM,95,31.5,32.5
01-01-2026,08:48:00 AM,114,26.0,37.2
01-01-2026,08:49:00 AM,100,28.0,34.0
01-01-2026,08:50:00 AM,102,32.0,34.6
01-01-2026,08:51:00 AM,118,25.0,39.4
01-01-2026,08:52:00 AM,114,24.0,38.2
01-01-2026,08:53:00 AM,90,31.0,30.0
01-01-2026,08:54:00 AM,88,40.0,27.4
01-01-2026,08:55:00 AM,96,32.0,32.8
01-01-2026,08:56:00 AM,119,24.5,35.7
01-01-2026,08:57:00 AM,106,31.0,32.8
01-01-2026,08:58:00 AM,84,37.0,27.2
01-01-2026,08:59:00 AM,87,31.5,29.1
01-01-2026,09:00:00 AM,96,33.0,28.8
01-01-2026,09:01:00 AM,83,36.5,27.9
01-01-2026,09:02:00 AM,110,22.0,37.0
01-01-2026,09:03:00 AM,118,25.0,36.4
01-01-2026,09:04:00 AM,98,32.0,31.4
01-01-2026,09:05:00 AM,92,30.0,30.6
01-01-2026,09:06:00 AM,99,32.5,33.7
01-01-2026,09:07:00 AM,118,16.0,37.4
01-01-2026,09:08:00 AM,92,37.0,30.6
01-01-2026,09:09:00 AM,104,30.0,31.2
01-01-2026,09:10:00 AM,117,20.5,36.1
01-01-2026,09:11:00 AM,111,23.5,37.3
01-01-2026,09:12:00 AM,90,34.0,30.0
01-01-2026,09:13:00 AM,114,20.0,37.2
01-01-2026,09:14:00 AM,97,34.5,29.1
01-01-2026,09:15:00 AM,93,28.5,31.9
01-01-2026,09:16:00 AM,82,40.0,24.6
01-01-2026,09:17:00 AM,90,39.0,30.0
01-01-2026,09:18:00 AM,103,27.5,31.9
01-01-2026,09:19:00 AM,107,24.5,33.1
01-01-2026,09:20:00 AM,87,40.5,29.1
01-01-2026,09:21:00 AM,107,25.5,32.1
01-01-2026,09:22:00 AM,115,22.5,34.5
01-01-2026,09:23:00 AM,88,31.0,30.4
01-01-2026,09:24:00 AM,99,27.5,33.7
01-01-2026,09:25:00 AM,85,33.5,27.5
01-01-2026,09:26:00 AM,84,41.0,26.2
01-01-2026,09:27:00 AM,89,37.5,27.7
01-01-2026,09:28:00 AM,84,39.0,25.2
01-01-2026,09:29:00 AM,80,36.0,24.0
01-01-2026,09:30:00 AM,90,34.0,28.0
01-01-2026,09:31:00 AM,104,28.0,33.2
01-01-2026,09:32:00 AM,106,22.0,35.8
01-01-2026,09:33:00 AM,112,20.0,33.6
01-01-2026,09:34:00 AM,114,18.0,38.2
01-01-2026,09:35:00 AM,85,32.5,29.5
01-01-2026,09:36:00 AM,110,24.0,35.0
01-01-2026,09:37:00 AM,102,28.0,34.6
01-01-2026,09:38:00 AM,116,26.0,35.8
01-01-2026,09:39:00 AM,98,26.0,33.4
01-01-2026,09:40:00 AM,93,36.5,27.9
01-01-2026,09:41:00 AM,92,32.0,27.6
01-01-2026,09:42:00 AM,119,16.5,38.7
01-01-2026,09:43:00 AM,110,27.0,34.0
01-01-2026,09:44:00 AM,113,23.5,35.9
01-01-2026,09:45:00 AM,91,29.5,30.3
01-01-2026,09:46:00 AM,84,41.0,25.2
01-01-2026,09:47:00 AM,102,28.0,34.6
01-01-2026,09:48:00 AM,93,29.5,29.9
01-01-2026,09:49:00 AM,118,21.0,38.4
01-01-2026,09:50:00 AM,113,23.5,34.9
01-01-2026,09:51:00 AM,113,19.5,35.9
01-01-2026,09:52:00 AM,113,21.5,33.9
01-01-2026,09:53:00 AM,117,16.5,38.1
01-01-2026,09:54:00 AM,109,26.5,33.7
01-01-2026,09:55:00 AM,96,31.0,32.8
01-01-2026,09:56:00 AM,83,42.5,24.9
01-01-2026,09:57:00 AM,89,30.5,29.7
01-01-2026,09:58:00 AM,99,32.5,33.7
01-01-2026,09:59:00 AM,113,23.5,37.9
01-01-2026,10:00:00 AM,81,36.5,24.3
01-01-2026,10:01:00 AM,102,30.0,32.6
01-01-2026,10:02:00 AM,95,34.5,31.5
01-01-2026,10:03:00 AM,119,18.5,35.7
01-01-2026,10:04:00 AM,82,36.0,26.6
01-01-2026,10:05:00 AM,108,22.0,36.4
01-01-2026,10:06:00 AM,98,30.0,33.4
01-01-2026,10:07:00 AM,97,35.5,33.1
01-01-2026,10:08:00 AM,101,28.5,30.3
01-01-2026,10:09:00 AM,84,41.0,28.2
01-01-2026,10:10:00 AM,65,43.5,19.5
01-01-2026,10:11:00 AM,53,57.5,19.9
01-01-2026,10:12:00 AM,66,50.0,20.8
01-01-2026,10:13:00 AM,61,51.5,20.3
01-01-2026,10:14:00 AM,56,56.0,19.8
01-01-2026,10:15:00 AM,40,62.0,12.0
01-01-2026,10:16:00 AM,74,41.0,23.2
01-01-2026,10:17:00 AM,67,47.5,21.1
01-01-2026,10:18:00 AM,65,49.5,21.5
01-01-2026,10:19:00 AM,46,54.0,15.8
01-01-2026,10:20:00 AM,57,55.5,19.1
01-01-2026,10:21:00 AM,54,56.0,20.2
01-01-2026,10:22:00 AM,67,50.5,20.1
01-01-2026,10:23:00 AM,56,53.0,17.8
01-01-2026,10:24:00 AM,64,43.0,23.2
01-01-2026,10:25:00 AM,59,53.5,20.7
01-01-2026,10:26:00 AM,49,52.5,14.7
01-01-2026,10:27:00 AM,57,49.5,18.1
01-01-2026,10:28:00 AM,47,58.5,14.1
01-01-2026,10:29:00 AM,58,55.0,17.4
01-01-2026,10:30:00 AM,76,42.0,25.8
01-01-2026,10:31:00 AM,65,43.5,21.5
01-01-2026,10:32:00 AM,45,56.5,13.5
01-01-2026,10:33:00 AM,72,43.0,25.6
01-01-2026,10:34:00 AM,45,57.5,16.5
01-01-2026,10:35:00 AM,69,47.5,20.7
01-01-2026,10:36:00 AM,42,56.0,16.6
01-01-2026,10:37:00 AM,75,44.5,23.5
01-01-2026,10:38:00 AM,59,48.5,17.7
01-01-2026,10:39:00 AM,69,47.5,22.7
01-01-2026,10:40:00 AM,41,61.5,13.3
01-01-2026,10:41:00 AM,44,58.0,14.2
01-01-2026,10:42:00 AM,43,55.5,15.9
01-01-2026,10:43:00 AM,72,42.0,21.6
01-01-2026,10:44:00 AM,51,49.5,16.3
01-01-2026,10:45:00 AM,53,53.5,19.9
01-01-2026,10:46:00 AM,50,53.0,19.0
01-01-2026,10:47:00 AM,42,54.0,13.6
01-01-2026,10:48:00 AM,49,54.5,15.7
01-01-2026,10:49:00 AM,41,61.5,13.3
01-01-2026,10:50:00 AM,59,45.5,21.7
01-01-2026,10:51:00 AM,48,51.0,14.4
01-01-2026,10:52:00 AM,50,57.0,17.0
01-01-2026,10:53:00 AM,69,40.5,24.7
01-01-2026,10:54:00 AM,53,52.5,17.9
01-01-2026,10:55:00 AM,48,52.0,17.4
01-01-2026,10:56:00 AM,74,40.0,22.2
01-01-2026,10:57:00 AM,79,40.5,26.7
01-01-2026,10:58:00 AM,68,48.0,22.4
01-01-2026,10:59:00 AM,76,39.0,26.8
01-01-2026,11:00:00 AM,76,41.0,24.8
01-01-2026,11:01:00 AM,53,57.5,18.9
01-01-2026,11:02:00 AM,64,52.0,19.2
01-01-2026,11:03:00 AM,57,53.5,19.1
01-01-2026,11:04:00 AM,77,36.5,23.1
01-01-2026,11:05:00 AM,64,43.0,19.2
01-01-2026,11:06:00 AM,41,58.5,14.3
01-01-2026,11:07:00 AM,78,38.0,25.4
01-01-2026,11:08:00 AM,46,54.0,14.8
01-01-2026,11:09:00 AM,54,48.0,19.2
01-01-2026,11:10:00 AM,69,46.5,22.7
01-01-2026,11:11:00 AM,75,42.5,22.5
01-01-2026,11:12:00 AM,72,43.0,23.6
01-01-2026,11:13:00 AM,72,42.0,22.6
01-01-2026,11:14:00 AM,49,54.5,16.7
01-01-2026,11:15:00 AM,49,50.5,18.7
01-01-2026,11:16:00 AM,70,43.0,25.0
01-01-2026,11:17:00 AM,63,46.5,22.9
01-01-2026,11:18:00 AM,47,55.5,18.1
01-01-2026,11:19:00 AM,43,54.5,14.9
01-01-2026,11:20:00 AM,70,42.0,23.0
01-01-2026,11:21:00 AM,75,40.5,23.5
01-01-2026,11:22:00 AM,66,46.0,22.8
01-01-2026,11:23:00 AM,50,59.0,16.0
01-01-2026,11:24:00 AM,51,58.5,19.3
01-01-2026,11:25:00 AM,79,36.5,23.7
01-01-2026,11:26:00 AM,72,46.0,24.6
01-01-2026,11:27:00 AM,51,52.5,18.3
01-01-2026,11:28:00 AM,44,60.0,17.2
01-01-2026,11:29:00 AM,47,60.5,14.1
01-01-2026,11:30:00 AM,67,50.5,20.1
01-01-2026,11:31:00 AM,68,48.0,20.4
01-01-2026,11:32:00 AM,61,50.5,18.3
01-01-2026,11:33:00 AM,76,41.0,23.8
01-01-2026,11:34:00 AM,75,42.5,22.5
01-01-2026,11:35:00 AM,40,60.0,14.0
01-01-2026,11:36:00 AM,79,39.5,23.7
01-01-2026,11:37:00 AM,48,60.0,17.4
01-01-2026,11:38:00 AM,65,50.5,21.5
01-01-2026,11:39:00 AM,64,52.0,21.2
01-01-2026,11:40:00 AM,77,37.5,24.1
01-01-2026,11:41:00 AM,66,43.0,21.8
01-01-2026,11:42:00 AM,56,49.0,16.8
01-01-2026,11:43:00 AM,46,55.0,17.8
01-01-2026,11:44:00 AM,63,43.5,18.9
01-01-2026,11:45:00 AM,68,46.0,21.4
01-01-2026,11:46:00 AM,67,42.5,24.1
01-01-2026,11:47:00 AM,46,52.0,16.8
01-01-2026,11:48:00 AM,59,50.5,20.7
01-01-2026,11:49:00 AM,79,35.5,23.7
01-01-2026,11:50:00 AM,71,45.5,23.3
01-01-2026,11:51:00 AM,98,26.0,33.4
01-01-2026,11:52:00 AM,108,28.0,34.4
01-01-2026,11:53:00 AM,97,26.5,31.1
01-01-2026,11:54:00 AM,81,39.5,27.3
01-01-2026,11:55:00 AM,109,25.5,34.7
01-01-2026,11:56:00 AM,83,33.5,28.9
01-01-2026,11:57:00 AM,118,18.0,36.4
01-01-2026,11:58:00 AM,89,32.5,27.7
01-01-2026,11:59:00 AM,112,25.0,36.6
01-01-2026,12:00:00 PM,111,20.5,37.3
01-01-2026,12:01:00 PM,87,31.5,26.1
01-01-2026,12:02:00 PM,82,41.0,26.6
01-01-2026,12:03:00 PM,87,36.5,26.1
01-01-2026,12:04:00 PM,116,19.0,36.8
01-01-2026,12:05:00 PM,112,26.0,34.6
01-01-2026,12:06:00 PM,114,25.0,36.2
01-01-2026,12:07:00 PM,95,30.5,31.5
01-01-2026,12:08:00 PM,116,22.0,38.8
01-01-2026,12:09:00 PM,93,34.5,28.9
01-01-2026,12:10:00 PM,86,41.0,25.8
01-01-2026,12:11:00 PM,102,28.0,32.6
01-01-2026,12:12:00 PM,98,29.0,33.4
01-01-2026,12:13:00 PM,97,27.5,29.1
01-01-2026,12:14:00 PM,84,36.0,27.2
01-01-2026,12:15:00 PM,81,36.5,27.3
01-01-2026,12:16:00 PM,99,29.5,33.7
01-01-2026,12:17:00 PM,117,24.5,36.1
01-01-2026,12:18:00 PM,114,21.0,35.2
01-01-2026,12:19:00 PM,101,31.5,30.3
01-01-2026,12:20:00 PM,89,37.5,28.7
01-01-2026,12:21:00 PM,102,24.0,31.6
01-01-2026,12:22:00 PM,96,35.0,29.8
01-01-2026,12:23:00 PM,104,29.0,31.2
01-01-2026,12:24:00 PM,101,27.5,31.3
01-01-2026,12:25:00 PM,108,22.0,36.4
01-01-2026,12:26:00 PM,90,35.0,28.0
01-01-2026,12:27:00 PM,100,34.0,33.0
01-01-2026,12:28:00 PM,117,17.5,35.1
01-01-2026,12:29:00 PM,116,25.0,35.8
01-01-2026,12:30:00 PM,91,35.5,31.3
01-01-2026,12:31:00 PM,101,28.5,32.3
01-01-2026,12:32:00 PM,110,25.0,35.0
01-01-2026,12:33:00 PM,119,16.5,38.7
01-01-2026,12:34:00 PM,86,41.0,29.8
01-01-2026,12:35:00 PM,96,36.0,32.8
01-01-2026,12:36:00 PM,107,30.5,33.1
01-01-2026,12:37:00 PM,80,37.0,28.0
01-01-2026,12:38:00 PM,115,19.5,35.5
01-01-2026,12:39:00 PM,108,25.0,34.4
01-01-2026,12:40:00 PM,119,18.5,35.7
01-01-2026,12:41:00 PM,118,23.0,37.4
01-01-2026,12:42:00 PM,113,24.5,37.9
01-01-2026,12:43:00 PM,112,28.0,36.6
01-01-2026,12:44:00 PM,99,27.5,31.7
01-01-2026,12:45:00 PM,96,28.0,28.8
01-01-2026,12:46:00 PM,105,23.5,35.5
01-01-2026,12:47:00 PM,88,39.0,26.4
01-01-2026,12:48:00 PM,80,43.0,28.0
01-01-2026,12:49:00 PM,119,24.5,35.7
01-01-2026,12:50:00 PM,118,18.0,37.4
01-01-2026,12:51:00 PM,116,19.0,35.8
01-01-2026,12:52:00 PM,91,31.5,31.3
01-01-2026,12:53:00 PM,96,36.0,28.8
01-01-2026,12:54:00 PM,91,36.5,29.3
01-01-2026,12:55:00 PM,87,35.5,26.1
01-01-2026,12:56:00 PM,102,28.0,30.6
01-01-2026,12:57:00 PM,97,34.5,32.1
01-01-2026,12:58:00 PM,94,37.0,28.2
01-01-2026,12:59:00 PM,105,31.5,31.5
01-01-2026,01:00:00 PM,102,33.0,34.6
01-01-2026,01:01:00 PM,101,33.5,34.3
01-01-2026,01:02:00 PM,86,40.0,27.8
01-01-2026,01:03:00 PM,87,32.5,28.1
01-01-2026,01:04:00 PM,102,25.0,33.6
01-01-2026,01:05:00 PM,118,18.0,36.4
01-01-2026,01:06:00 PM,118,16.0,37.4
01-01-2026,01:07:00 PM,113,20.5,37.9
01-01-2026,01:08:00 PM,119,24.5,38.7
01-01-2026,01:09:00 PM,118,23.0,35.4
01-01-2026,01:10:00 PM,83,38.5,24.9
01-01-2026,01:11:00 PM,92,30.0,27.6
01-01-2026,01:12:00 PM,95,36.5,31.5
01-01-2026,01:13:00 PM,81,40.5,26.3
01-01-2026,01:14:00 PM,113,24.5,37.9
01-01-2026,01:15:00 PM,92,30.0,29.6
01-01-2026,01:16:00 PM,118,19.0,39.4
01-01-2026,01:17:00 PM,108,25.0,35.4
01-01-2026,01:18:00 PM,95,34.5,31.5
01-01-2026,01:19:00 PM,89,38.5,29.7
01-01-2026,01:20:00 PM,84,33.0,25.2
01-01-2026,01:21:00 PM,82,41.0,25.6
01-01-2026,01:22:00 PM,83,34.5,28.9
01-01-2026,01:23:00 PM,104,23.0,35.2
01-01-2026,01:24:00 PM,94,36.0,28.2
01-01-2026,01:25:00 PM,103,26.5,33.9
01-01-2026,01:26:00 PM,116,21.0,36.8
01-01-2026,01:27:00 PM,85,38.5,27.5
01-01-2026,01:28:00 PM,92,30.0,27.6
01-01-2026,01:29:00 PM,86,35.0,28.8
01-01-2026,01:30:00 PM,47,54.5,18.1
01-01-2026,01:31:00 PM,49,51.5,14.7
01-01-2026,01:32:00 PM,65,50.5,19.5
01-01-2026,01:33:00 PM,42,61.0,16.6
01-01-2026,01:34:00 PM,44,58.0,13.2
01-01-2026,01:35:00 PM,48,53.0,17.4
01-01-2026,01:36:00 PM,74,39.0,23.2
01-01-2026,01:37:00 PM,56,54.0,18.8
01-01-2026,01:38:00 PM,71,41.5,25.3
01-01-2026,01:39:00 PM,64,51.0,22.2
01-01-2026,01:40:00 PM,53,52.5,16.9
01-01-2026,01:41:00 PM,50,58.0,17.0
01-01-2026,01:42:00 PM,67,49.5,22.1
01-01-2026,01:43:00 PM,64,44.0,22.2
01-01-2026,01:44:00 PM,48,58.0,14.4
01-01-2026,01:45:00 PM,44,54.0,16.2
01-01-2026,01:46:00 PM,54,53.0,18.2
01-01-2026,01:47:00 PM,44,62.0,14.2
01-01-2026,01:48:00 PM,45,56.5,16.5
01-01-2026,01:49:00 PM,52,53.0,19.6
01-01-2026,01:50:00 PM,56,48.0,20.8
01-01-2026,01:51:00 PM,71,41.5,22.3
01-01-2026,01:52:00 PM,42,61.0,13.6
01-01-2026,01:53:00 PM,79,35.5,25.7
01-01-2026,01:54:00 PM,55,54.5,19.5
01-01-2026,01:55:00 PM,72,47.0,25.6
01-01-2026,01:56:00 PM,64,47.0,20.2
01-01-2026,01:57:00 PM,75,42.5,25.5
01-01-2026,01:58:00 PM,46,56.0,15.8
01-01-2026,01:59:00 PM,70,46.0,22.0
01-01-2026,02:00:00 PM,49,54.5,15.7
01-01-2026,02:01:00 PM,75,38.5,26.5
01-01-2026,02:02:00 PM,68,47.0,21.4
01-01-2026,02:03:00 PM,71,39.5,21.3
01-01-2026,02:04:00 PM,56,54.0,17.8
01-01-2026,02:05:00 PM,63,45.5,20.9
01-01-2026,02:06:00 PM,69,46.5,21.7
01-01-2026,02:07:00 PM,71,40.5,24.3
01-01-2026,02:08:00 PM,54,52.0,20.2
01-01-2026,02:09:00 PM,61,47.5,21.3
01-01-2026,02:10:00 PM,71,42.5,22.3
01-01-2026,02:11:00 PM,43,53.5,15.9
01-01-2026,02:12:00 PM,61,44.5,19.3
01-01-2026,02:13:00 PM,40,60.0,13.0
01-01-2026,02:14:00 PM,57,47.5,21.1
01-01-2026,02:15:00 PM,51,52.5,17.3
01-01-2026,02:16:00 PM,74,41.0,26.2
01-01-2026,02:17:00 PM,51,55.5,19.3
01-01-2026,02:18:00 PM,50,50.0,17.0
01-01-2026,02:19:00 PM,50,59.0,16.0
01-01-2026,02:20:00 PM,73,39.5,25.9
01-01-2026,02:21:00 PM,43,53.5,14.9
01-01-2026,02:22:00 PM,52,57.0,19.6
01-01-2026,02:23:00 PM,68,44.0,21.4
01-01-2026,02:24:00 PM,53,51.5,17.9
01-01-2026,02:25:00 PM,66,44.0,19.8
01-01-2026,02:26:00 PM,67,45.5,24.1
01-01-2026,02:27:00 PM,59,50.5,19.7
01-01-2026,02:28:00 PM,44,55.0,15.2
01-01-2026,02:29:00 PM,40,64.0,15.0
01-01-2026,02:30:00 PM,77,37.5,27.1
01-01-2026,02:31:00 PM,74,38.0,22.2
01-01-2026,02:32:00 PM,63,44.5,21.9
01-01-2026,02:33:00 PM,55,54.5,19.5
01-01-2026,02:34:00 PM,64,43.0,23.2
01-01-2026,02:35:00 PM,47,52.5,17.1
01-01-2026,02:36:00 PM,46,54.0,17.8
01-01-2026,02:37:00 PM,63,52.5,20.9
01-01-2026,02:38:00 PM,59,53.5,17.7
01-01-2026,02:39:00 PM,59,48.5,17.7
01-01-2026,02:40:00 PM,77,44.5,26.1
01-01-2026,02:41:00 PM,61,49.5,22.3
01-01-2026,02:42:00 PM,41,61.5,14.3
01-01-2026,02:43:00 PM,52,49.0,19.6
01-01-2026,02:44:00 PM,57,47.5,19.1
01-01-2026,02:45:00 PM,64,43.0,22.2
01-01-2026,02:46:00 PM,77,44.5,25.1
01-01-2026,02:47:00 PM,61,46.5,18.3
01-01-2026,02:48:00 PM,56,55.0,19.8
01-01-2026,02:49:00 PM,59,45.5,18.7
01-01-2026,02:50:00 PM,79,36.5,26.7
01-01-2026,02:51:00 PM,72,40.0,21.6
01-01-2026,02:52:00 PM,72,47.0,25.6
01-01-2026,02:53:00 PM,69,40.5,24.7
01-01-2026,02:54:00 PM,65,47.5,20.5
01-01-2026,02:55:00 PM,77,42.5,24.1
01-01-2026,02:56:00 PM,54,49.0,17.2
01-01-2026,02:57:00 PM,79,37.5,25.7
01-01-2026,02:58:00 PM,45,60.5,13.5
01-01-2026,02:59:00 PM,78,44.0,24.4
01-01-2026,03:00:00 PM,51,56.5,16.3
01-01-2026,03:01:00 PM,67,44.5,22.1
01-01-2026,03:02:00 PM,46,55.0,16.8
01-01-2026,03:03:00 PM,45,61.5,14.5
01-01-2026,03:04:00 PM,42,62.0,15.6
01-01-2026,03:05:00 PM,53,49.5,18.9
01-01-2026,03:06:00 PM,62,52.0,22.6
01-01-2026,03:07:00 PM,58,52.0,20.4
01-01-2026,03:08:00 PM,47,57.5,18.1
01-01-2026,03:09:00 PM,71,41.5,24.3
01-01-2026,03:10:00 PM,57,51.5,18.1
01-01-2026,03:11:00 PM,58,51.0,21.4
01-01-2026,03:12:00 PM,71,46.5,21.3
01-01-2026,03:13:00 PM,42,63.0,14.6
01-01-2026,03:14:00 PM,74,43.0,22.2
01-01-2026,03:15:00 PM,46,52.0,17.8
01-01-2026,03:16:00 PM,70,49.0,25.0
01-01-2026,03:17:00 PM,63,46.5,22.9
01-01-2026,03:18:00 PM,43,56.5,15.9
01-01-2026,03:19:00 PM,63,44.5,18.9
01-01-2026,03:20:00 PM,71,47.5,24.3
01-01-2026,03:21:00 PM,73,41.5,22.9
01-01-2026,03:22:00 PM,54,49.0,19.2
01-01-2026,03:23:00 PM,45,58.5,14.5
01-01-2026,03:24:00 PM,51,51.5,19.3
01-01-2026,03:25:00 PM,57,53.5,21.1
01-01-2026,03:26:00 PM,54,48.0,18.2
01-01-2026,03:27:00 PM,65,49.5,22.5
01-01-2026,03:28:00 PM,69,46.5,21.7
01-01-2026,03:29:00 PM,53,49.5,19.9
01-01-2026,03:30:00 PM,44,58.0,17.2
01-01-2026,03:31:00 PM,53,55.5,15.9
01-01-2026,03:32:00 PM,59,46.5,17.7
01-01-2026,03:33:00 PM,64,51.0,22.2
01-01-2026,03:34:00 PM,41,56.5,16.3
01-01-2026,03:35:00 PM,44,53.0,16.2
01-01-2026,03:36:00 PM,75,43.5,24.5
01-01-2026,03:37:00 PM,49,52.5,15.7
01-01-2026,03:38:00 PM,68,50.0,23.4
01-01-2026,03:39:00 PM,69,48.5,20.7
01-01-2026,03:40:00 PM,44,56.0,15.2
01-01-2026,03:41:00 PM,51,49.5,15.3
01-01-2026,03:42:00 PM,59,53.5,19.7
01-01-2026,03:43:00 PM,76,41.0,25.8
01-01-2026,03:44:00 PM,76,37.0,22.8
01-01-2026,03:45:00 PM,67,46.5,23.1
01-01-2026,03:46:00 PM,59,46.5,18.7
01-01-2026,03:47:00 PM,48,55.0,17.4
01-01-2026,03:48:00 PM,65,42.5,21.5
01-01-2026,03:49:00 PM,45,56.5,17.5
01-01-2026,03:50:00 PM,44,53.0,13.2
01-01-2026,03:51:00 PM,53,57.5,18.9
01-01-2026,03:52:00 PM,63,44.5,18.9
01-01-2026,03:53:00 PM,68,49.0,22.4
01-01-2026,03:54:00 PM,62,49.0,21.6
01-01-2026,03:55:00 PM,62,47.0,19.6
01-01-2026,03:56:00 PM,47,52.5,18.1
01-01-2026,03:57:00 PM,40,61.0,16.0
01-01-2026,03:58:00 PM,71,44.5,25.3
01-01-2026,03:59:00 PM,61,45.5,18.3
01-01-2026,04:00:00 PM,65,51.5,20.5
01-01-2026,04:01:00 PM,57,46.5,18.1
01-01-2026,04:02:00 PM,47,58.5,14.1
01-01-2026,04:03:00 PM,51,56.5,15.3
01-01-2026,04:04:00 PM,43,53.5,12.9
01-01-2026,04:05:00 PM,58,50.0,21.4
01-01-2026,04:06:00 PM,65,43.5,20.5
01-01-2026,04:07:00 PM,45,60.5,13.5
01-01-2026,04:08:00 PM,64,51.0,23.2
01-01-2026,04:09:00 PM,52,57.0,17.6
01-01-2026,04:10:00 PM,43,54.5,16.9
01-01-2026,04:11:00 PM,77,39.5,25.1
01-01-2026,04:12:00 PM,45,53.5,14.5
01-01-2026,04:13:00 PM,52,57.0,17.6
01-01-2026,04:14:00 PM,50,50.0,15.0
01-01-2026,04:15:00 PM,60,45.0,21.0
01-01-2026,04:16:00 PM,46,56.0,15.8
01-01-2026,04:17:00 PM,68,49.0,20.4
01-01-2026,04:18:00 PM,71,39.5,23.3
01-01-2026,04:19:00 PM,77,45.5,25.1
01-01-2026,04:20:00 PM,74,45.0,23.2
01-01-2026,04:21:00 PM,41,62.5,14.3
01-01-2026,04:22:00 PM,60,54.0,19.0
01-01-2026,04:23:00 PM,45,56.5,17.5
01-01-2026,04:24:00 PM,65,50.5,22.5
01-01-2026,04:25:00 PM,44,54.0,17.2
01-01-2026,04:26:00 PM,54,51.0,18.2
01-01-2026,04:27:00 PM,62,49.0,19.6
01-01-2026,04:28:00 PM,60,51.0,20.0
01-01-2026,04:29:00 PM,55,51.5,19.5
01-01-2026,04:30:00 PM,54,56.0,19.2
01-01-2026,04:31:00 PM,50,52.0,18.0
01-01-2026,04:32:00 PM,60,50.0,20.0
01-01-2026,04:33:00 PM,73,41.5,25.9
01-01-2026,04:34:00 PM,66,44.0,20.8
01-01-2026,04:35:00 PM,75,38.5,23.5
01-01-2026,04:36:00 PM,52,52.0,16.6
01-01-2026,04:37:00 PM,64,49.0,22.2
01-01-2026,04:38:00 PM,49,56.5,18.7
01-01-2026,04:39:00 PM,70,46.0,21.0
01-01-2026,04:40:00 PM,75,40.5,25.5
01-01-2026,04:41:00 PM,46,57.0,13.8
01-01-2026,04:42:00 PM,52,55.0,19.6
01-01-2026,04:43:00 PM,61,52.5,19.3
01-01-2026,04:44:00 PM,48,60.0,15.4
01-01-2026,04:45:00 PM,47,58.5,14.1
01-01-2026,04:46:00 PM,65,46.5,22.5
01-01-2026,04:47:00 PM,63,45.5,21.9
01-01-2026,04:48:00 PM,78,45.0,23.4
01-01-2026,04:49:00 PM,57,48.5,20.1
01-01-2026,04:50:00 PM,49,50.5,15.7
01-01-2026,04:51:00 PM,44,53.0,15.2
01-01-2026,04:52:00 PM,73,38.5,25.9
01-01-2026,04:53:00 PM,56,52.0,20.8
01-01-2026,04:54:00 PM,54,50.0,19.2
01-01-2026,04:55:00 PM,46,61.0,13.8
01-01-2026,04:56:00 PM,53,56.5,15.9
01-01-2026,04:57:00 PM,41,56.5,16.3
01-01-2026,04:58:00 PM,57,48.5,18.1
01-01-2026,04:59:00 PM,78,44.0,23.4
01-01-2026,05:00:00 PM,50,56.0,18.0
01-01-2026,05:01:00 PM,58,49.0,18.4
01-01-2026,05:02:00 PM,77,45.5,27.1
01-01-2026,05:03:00 PM,75,44.5,26.5
01-01-2026,05:04:00 PM,72,42.0,23.6
01-01-2026,05:05:00 PM,48,58.0,14.4
01-01-2026,05:06:00 PM,45,60.5,16.5
01-01-2026,05:07:00 PM,52,49.0,18.6
01-01-2026,05:08:00 PM,41,58.5,15.3
01-01-2026,05:09:00 PM,66,46.0,20.8
01-01-2026,05:10:00 PM,42,59.0,15.6
01-01-2026,05:11:00 PM,42,59.0,13.6
01-01-2026,05:12:00 PM,62,45.0,18.6
01-01-2026,05:13:00 PM,74,39.0,25.2
01-01-2026,05:14:00 PM,47,56.5,17.1
01-01-2026,05:15:00 PM,75,41.5,26.5
01-01-2026,05:16:00 PM,68,49.0,21.4
01-01-2026,05:17:00 PM,69,48.5,23.7
01-01-2026,05:18:00 PM,56,54.0,19.8
01-01-2026,05:19:00 PM,42,60.0,15.6
01-01-2026,05:20:00 PM,79,40.5,27.7
01-01-2026,05:21:00 PM,59,52.5,20.7
01-01-2026,05:22:00 PM,40,63.0,16.0
01-01-2026,05:23:00 PM,59,50.5,18.7
01-01-2026,05:24:00 PM,47,57.5,14.1
01-01-2026,05:25:00 PM,55,52.5,19.5
01-01-2026,05:26:00 PM,73,41.5,21.9
01-01-2026,05:27:00 PM,62,45.0,22.6
01-01-2026,05:28:00 PM,41,62.5,16.3
01-01-2026,05:29:00 PM,41,62.5,12.3
01-01-2026,05:30:00 PM,40,57.0,15.0
01-01-2026,05:31:00 PM,62,53.0,21.6
01-01-2026,05:32:00 PM,57,52.5,19.1
01-01-2026,05:33:00 PM,61,49.5,21.3
01-01-2026,05:34:00 PM,76,40.0,23.8
01-01-2026,05:35:00 PM,51,49.5,16.3
01-01-2026,05:36:00 PM,77,37.5,27.1
01-01-2026,05:37:00 PM,74,45.0,23.2
01-01-2026,05:38:00 PM,69,45.5,22.7
01-01-2026,05:39:00 PM,55,53.5,19.5
01-01-2026,05:40:00 PM,53,56.5,19.9
01-01-2026,05:41:00 PM,74,39.0,24.2
01-01-2026,05:42:00 PM,41,56.5,13.3
01-01-2026,05:43:00 PM,53,51.5,16.9
01-01-2026,05:44:00 PM,49,58.5,15.7
01-01-2026,05:45:00 PM,64,48.0,19.2
01-01-2026,05:46:00 PM,75,37.5,26.5
01-01-2026,05:47:00 PM,42,56.0,12.6
01-01-2026,05:48:00 PM,45,60.5,17.5
01-01-2026,05:49:00 PM,73,45.5,25.9
01-01-2026,05:50:00 PM,73,41.5,21.9
01-01-2026,05:51:00 PM,54,51.0,20.2
01-01-2026,05:52:00 PM,51,52.5,16.3
01-01-2026,05:53:00 PM,68,46.0,24.4
01-01-2026,05:54:00 PM,41,60.5,14.3
01-01-2026,05:55:00 PM,70,42.0,25.0
01-01-2026,05:56:00 PM,58,47.0,18.4
01-01-2026,05:57:00 PM,64,44.0,21.2
01-01-2026,05:58:00 PM,70,47.0,21.0
01-01-2026,05:59:00 PM,62,46.0,18.6
01-01-2026,06:00:00 PM,74,42.0,22.2
01-01-2026,06:01:00 PM,67,43.5,23.1
01-01-2026,06:02:00 PM,72,42.0,24.6
01-01-2026,06:03:00 PM,78,43.0,23.4
01-01-2026,06:04:00 PM,76,43.0,25.8
01-01-2026,06:05:00 PM,68,44.0,23.4
01-01-2026,06:06:00 PM,77,42.5,24.1
01-01-2026,06:07:00 PM,76,40.0,26.8
01-01-2026,06:08:00 PM,74,44.0,24.2
01-01-2026,06:09:00 PM,67,46.5,24.1
01-01-2026,06:10:00 PM,61,48.5,19.3
01-01-2026,06:11:00 PM,66,46.0,23.8
01-01-2026,06:12:00 PM,49,56.5,15.7
01-01-2026,06:13:00 PM,78,40.0,23.4
01-01-2026,06:14:00 PM,52,53.0,16.6
01-01-2026,06:15:00 PM,60,49.0,19.0
01-01-2026,06:16:00 PM,76,40.0,22.8
01-01-2026,06:17:00 PM,74,38.0,25.2
01-01-2026,06:18:00 PM,50,54.0,18.0
01-01-2026,06:19:00 PM,65,45.5,20.5
01-01-2026,06:20:00 PM,57,53.5,19.1
01-01-2026,06:21:00 PM,68,44.0,24.4
01-01-2026,06:22:00 PM,77,45.5,27.1
01-01-2026,06:23:00 PM,52,49.0,15.6
01-01-2026,06:24:00 PM,56,54.0,16.8
01-01-2026,06:25:00 PM,40,56.0,15.0
01-01-2026,06:26:00 PM,68,41.0,21.4
01-01-2026,06:27:00 PM,79,39.5,26.7
01-01-2026,06:28:00 PM,50,56.0,16.0
01-01-2026,06:29:00 PM,47,56.5,14.1
01-01-2026,06:30:00 PM,54,48.0,19.2
01-01-2026,06:31:00 PM,62,51.0,22.6
01-01-2026,06:32:00 PM,58,50.0,20.4
01-01-2026,06:33:00 PM,40,61.0,16.0
01-01-2026,06:34:00 PM,47,58.5,14.1
01-01-2026,06:35:00 PM,62,44.0,22.6
01-01-2026,06:36:00 PM,63,45.5,18.9
01-01-2026,06:37:00 PM,44,56.0,17.2
01-01-2026,06:38:00 PM,79,44.5,26.7
01-01-2026,06:39:00 PM,50,53.0,17.0
01-01-2026,06:40:00 PM,46,54.0,16.8
01-01-2026,06:41:00 PM,44,57.0,14.2
01-01-2026,06:42:00 PM,77,36.5,23.1
01-01-2026,06:43:00 PM,48,52.0,15.4
01-01-2026,06:44:00 PM,42,54.0,15.6
01-01-2026,06:45:00 PM,43,61.5,12.9
01-01-2026,06:46:00 PM,64,52.0,20.2
01-01-2026,06:47:00 PM,49,54.5,17.7
01-01-2026,06:48:00 PM,51,56.5,16.3
01-01-2026,06:49:00 PM,52,53.0,18.6
01-01-2026,06:50:00 PM,73,47.5,21.9
01-01-2026,06:51:00 PM,79,36.5,23.7
01-01-2026,06:52:00 PM,64,50.0,21.2
01-01-2026,06:53:00 PM,53,57.5,15.9
01-01-2026,06:54:00 PM,61,47.5,21.3
01-01-2026,06:55:00 PM,60,47.0,18.0
01-01-2026,06:56:00 PM,60,47.0,19.0
01-01-2026,06:57:00 PM,71,45.5,21.3
01-01-2026,06:58:00 PM,51,57.5,16.3
01-01-2026,06:59:00 PM,60,49.0,21.0
01-01-2026,07:00:00 PM,71,44.5,23.3
01-01-2026,07:01:00 PM,64,48.0,22.2
01-01-2026,07:02:00 PM,68,42.0,21.4
01-01-2026,07:03:00 PM,68,45.0,23.4
01-01-2026,07:04:00 PM,66,43.0,21.8
01-01-2026,07:05:00 PM,62,51.0,21.6
01-01-2026,07:06:00 PM,52,54.0,17.6
01-01-2026,07:07:00 PM,76,37.0,24.8
01-01-2026,07:08:00 PM,58,52.0,21.4
01-01-2026,07:09:00 PM,69,46.5,23.7
01-01-2026,07:10:00 PM,64,47.0,20.2
01-01-2026,07:11:00 PM,55,54.5,16.5
01-01-2026,07:12:00 PM,44,55.0,13.2
01-01-2026,07:13:00 PM,43,60.5,14.9
01-01-2026,07:14:00 PM,71,48.5,22.3
01-01-2026,07:15:00 PM,64,52.0,23.2
01-01-2026,07:16:00 PM,78,37.0,23.4
01-01-2026,07:17:00 PM,52,57.0,18.6
01-01-2026,07:18:00 PM,75,42.5,23.5
01-01-2026,07:19:00 PM,65,51.5,22.5
01-01-2026,07:20:00 PM,56,55.0,17.8
01-01-2026,07:21:00 PM,59,47.5,19.7
01-01-2026,07:22:00 PM,76,46.0,25.8
01-01-2026,07:23:00 PM,43,56.5,13.9
01-01-2026,07:24:00 PM,63,48.5,20.9
01-01-2026,07:25:00 PM,65,46.5,23.5
01-01-2026,07:26:00 PM,79,41.5,27.7
01-01-2026,07:27:00 PM,49,55.5,17.7
01-01-2026,07:28:00 PM,59,45.5,20.7
01-01-2026,07:29:00 PM,68,43.0,24.4
01-01-2026,07:30:00 PM,55,56.5,19.5
01-01-2026,07:31:00 PM,43,60.5,13.9
01-01-2026,07:32:00 PM,69,41.5,22.7
01-01-2026,07:33:00 PM,70,42.0,21.0
01-01-2026,07:34:00 PM,58,51.0,21.4
01-01-2026,07:35:00 PM,51,58.5,19.3
01-01-2026,07:36:00 PM,70,43.0,23.0
01-01-2026,07:37:00 PM,75,43.5,22.5
01-01-2026,07:38:00 PM,72,40.0,24.6
01-01-2026,07:39:00 PM,67,49.5,23.1
01-01-2026,07:40:00 PM,72,39.0,24.6
01-01-2026,07:41:00 PM,59,50.5,20.7
01-01-2026,07:42:00 PM,50,56.0,15.0
01-01-2026,07:43:00 PM,65,46.5,19.5
01-01-2026,07:44:00 PM,49,51.5,16.7
01-01-2026,07:45:00 PM,52,49.0,19.6
01-01-2026,07:46:00 PM,45,52.5,15.5
01-01-2026,07:47:00 PM,58,55.0,19.4
01-01-2026,07:48:00 PM,65,44.5,23.5
01-01-2026,07:49:00 PM,68,45.0,23.4
01-01-2026,07:50:00 PM,60,54.0,22.0
01-01-2026,07:51:00 PM,75,42.5,23.5
01-01-2026,07:52:00 PM,43,59.5,13.9
01-01-2026,07:53:00 PM,74,38.0,22.2
01-01-2026,07:54:00 PM,75,42.5,22.5
01-01-2026,07:55:00 PM,70,43.0,21.0
01-01-2026,07:56:00 PM,75,41.5,25.5
01-01-2026,07:57:00 PM,69,45.5,23.7
01-01-2026,07:58:00 PM,46,54.0,16.8
01-01-2026,07:59:00 PM,53,55.5,16.9
01-01-2026,08:00:00 PM,55,52.5,17.5
01-01-2026,08:01:00 PM,64,48.0,22.2
01-01-2026,08:02:00 PM,48,54.0,16.4
01-01-2026,08:03:00 PM,59,46.5,18.7
01-01-2026,08:04:00 PM,60,48.0,19.0
01-01-2026,08:05:00 PM,72,45.0,22.6
01-01-2026,08:06:00 PM,71,46.5,23.3
01-01-2026,08:07:00 PM,59,52.5,21.7
01-01-2026,08:08:00 PM,65,49.5,19.5
01-01-2026,08:09:00 PM,76,46.0,26.8
01-01-2026,08:10:00 PM,57,50.5,19.1
01-01-2026,08:11:00 PM,62,53.0,22.6
01-01-2026,08:12:00 PM,63,43.5,20.9
01-01-2026,08:13:00 PM,64,47.0,22.2
01-01-2026,08:14:00 PM,72,40.0,25.6
01-01-2026,08:15:00 PM,43,62.5,12.9
01-01-2026,08:16:00 PM,46,57.0,13.8
01-01-2026,08:17:00 PM,56,54.0,20.8
01-01-2026,08:18:00 PM,73,47.5,23.9
01-01-2026,08:19:00 PM,78,41.0,23.4
01-01-2026,08:20:00 PM,56,48.0,17.8
01-01-2026,08:21:00 PM,40,64.0,16.0
01-01-2026,08:22:00 PM,44,54.0,13.2
01-01-2026,08:23:00 PM,41,63.5,13.3
01-01-2026,08:24:00 PM,55,49.5,20.5
01-01-2026,08:25:00 PM,78,41.0,26.4
01-01-2026,08:26:00 PM,63,50.5,21.9
01-01-2026,08:27:00 PM,49,52.5,16.7
01-01-2026,08:28:00 PM,71,45.5,25.3
01-01-2026,08:29:00 PM,59,54.5,20.7
01-01-2026,08:30:00 PM,61,51.5,22.3
01-01-2026,08:31:00 PM,54,53.0,19.2
01-01-2026,08:32:00 PM,67,49.5,21.1
01-01-2026,08:33:00 PM,67,50.5,20.1
01-01-2026,08:34:00 PM,41,62.5,14.3
01-01-2026,08:35:00 PM,47,51.5,15.1
01-01-2026,08:36:00 PM,74,43.0,25.2
01-01-2026,08:37:00 PM,62,52.0,20.6
01-01-2026,08:38:00 PM,58,50.0,19.4
01-01-2026,08:39:00 PM,50,57.0,18.0
01-01-2026,08:40:00 PM,49,57.5,17.7
01-01-2026,08:41:00 PM,67,49.5,23.1
01-01-2026,08:42:00 PM,76,41.0,22.8
01-01-2026,08:43:00 PM,54,55.0,17.2
01-01-2026,08:44:00 PM,59,50.5,20.7
01-01-2026,08:45:00 PM,41,60.5,14.3
01-01-2026,08:46:00 PM,42,55.0,14.6
01-01-2026,08:47:00 PM,79,40.5,23.7
01-01-2026,08:48:00 PM,67,41.5,24.1
01-01-2026,08:49:00 PM,71,43.5,24.3
01-01-2026,08:50:00 PM,69,45.5,22.7
01-01-2026,08:51:00 PM,71,47.5,24.3
01-01-2026,08:52:00 PM,50,56.0,15.0
01-01-2026,08:53:00 PM,60,46.0,21.0
01-01-2026,08:54:00 PM,67,46.5,21.1
01-01-2026,08:55:00 PM,70,46.0,23.0
01-01-2026,08:56:00 PM,44,61.0,15.2
01-01-2026,08:57:00 PM,72,42.0,21.6
01-01-2026,08:58:00 PM,59,46.5,18.7
01-01-2026,08:59:00 PM,44,55.0,17.2
01-01-2026,09:00:00 PM,67,49.5,23.1
01-01-2026,09:01:00 PM,77,37.5,25.1
01-01-2026,09:02:00 PM,50,51.0,18.0
01-01-2026,09:03:00 PM,48,55.0,15.4
01-01-2026,09:04:00 PM,61,46.5,21.3
01-01-2026,09:05:00 PM,67,50.5,24.1
01-01-2026,09:06:00 PM,67,48.5,21.1
01-01-2026,09:07:00 PM,72,43.0,23.6
01-01-2026,09:08:00 PM,73,46.5,23.9
01-01-2026,09:09:00 PM,57,55.5,19.1
01-01-2026,09:10:00 PM,62,49.0,18.6
01-01-2026,09:11:00 PM,44,55.0,13.2
01-01-2026,09:12:00 PM,59,46.5,18.7
01-01-2026,09:13:00 PM,74,45.0,25.2
01-01-2026,09:14:00 PM,78,41.0,23.4
01-01-2026,09:15:00 PM,59,45.5,19.7
01-01-2026,09:16:00 PM,43,62.5,12.9
01-01-2026,09:17:00 PM,77,40.5,25.1
01-01-2026,09:18:00 PM,53,51.5,18.9
01-01-2026,09:19:00 PM,56,53.0,16.8
01-01-2026,09:20:00 PM,74,39.0,24.2
01-01-2026,09:21:00 PM,72,44.0,23.6
01-01-2026,09:22:00 PM,66,48.0,21.8
01-01-2026,09:23:00 PM,66,43.0,22.8
01-01-2026,09:24:00 PM,47,53.5,16.1
01-01-2026,09:25:00 PM,69,43.5,20.7
01-01-2026,09:26:00 PM,64,50.0,20.2
01-01-2026,09:27:00 PM,77,42.5,23.1
01-01-2026,09:28:00 PM,58,48.0,19.4
01-01-2026,09:29:00 PM,58,54.0,20.4
01-01-2026,09:30:00 PM,59,51.5,17.7
01-01-2026,09:31:00 PM,58,49.0,21.4
01-01-2026,09:32:00 PM,75,44.5,22.5
01-01-2026,09:33:00 PM,69,48.5,20.7
01-01-2026,09:34:00 PM,64,47.0,21.2
01-01-2026,09:35:00 PM,53,56.5,18.9
01-01-2026,09:36:00 PM,43,60.5,13.9
01-01-2026,09:37:00 PM,61,52.5,22.3
01-01-2026,09:38:00 PM,69,42.5,22.7
01-01-2026,09:39:00 PM,60,49.0,22.0
01-01-2026,09:40:00 PM,59,49.5,19.7
01-01-2026,09:41:00 PM,72,43.0,25.6
01-01-2026,09:42:00 PM,48,59.0,17.4
01-01-2026,09:43:00 PM,74,38.0,23.2
01-01-2026,09:44:00 PM,63,43.5,22.9
01-01-2026,09:45:00 PM,62,51.0,21.6
01-01-2026,09:46:00 PM,51,57.5,17.3
01-01-2026,09:47:00 PM,65,45.5,23.5
01-01-2026,09:48:00 PM,61,51.5,22.3
01-01-2026,09:49:00 PM,77,39.5,23.1
01-01-2026,09:50:00 PM,68,43.0,23.4
01-01-2026,09:51:00 PM,46,55.0,16.8
01-01-2026,09:52:00 PM,42,59.0,15.6
01-01-2026,09:53:00 PM,41,61.5,13.3
01-01-2026,09:54:00 PM,66,48.0,19.8
01-01-2026,09:55:00 PM,40,62.0,12.0
01-01-2026,09:56:00 PM,57,46.5,21.1
01-01-2026,09:57:00 PM,51,54.5,16.3
01-01-2026,09:58:00 PM,66,49.0,21.8
01-01-2026,09:59:00 PM,40,63.0,16.0
01-01-2026,10:00:00 PM,74,45.0,24.2
01-01-2026,10:01:00 PM,59,52.5,17.7
01-01-2026,10:02:00 PM,52,54.0,15.6
01-01-2026,10:03:00 PM,47,54.5,17.1
01-01-2026,10:04:00 PM,72,48.0,25.6
01-01-2026,10:05:00 PM,48,58.0,18.4
01-01-2026,10:06:00 PM,56,54.0,20.8
01-01-2026,10:07:00 PM,78,42.0,23.4
01-01-2026,10:08:00 PM,78,38.0,25.4
01-01-2026,10:09:00 PM,52,49.0,18.6
01-01-2026,10:10:00 PM,58,53.0,21.4
01-01-2026,10:11:00 PM,51,49.5,19.3
01-01-2026,10:12:00 PM,65,48.5,22.5
01-01-2026,10:13:00 PM,44,60.0,13.2
01-01-2026,10:14:00 PM,66,48.0,23.8
01-01-2026,10:15:00 PM,62,44.0,21.6
01-01-2026,10:16:00 PM,57,47.5,18.1
01-01-2026,10:17:00 PM,43,53.5,15.9
01-01-2026,10:18:00 PM,57,50.5,19.1
01-01-2026,10:19:00 PM,67,48.5,23.1
01-01-2026,10:20:00 PM,72,48.0,23.6
01-01-2026,10:21:00 PM,54,56.0,17.2
01-01-2026,10:22:00 PM,68,49.0,21.4
01-01-2026,10:23:00 PM,41,56.5,14.3
01-01-2026,10:24:00 PM,52,58.0,16.6
01-01-2026,10:25:00 PM,48,59.0,17.4
01-01-2026,10:26:00 PM,42,57.0,14.6
01-01-2026,10:27:00 PM,41,59.5,14.3
01-01-2026,10:28:00 PM,55,54.5,17.5
01-01-2026,10:29:00 PM,56,55.0,19.8
01-01-2026,10:30:00 PM,74,38.0,26.2
01-01-2026,10:31:00 PM,54,57.0,20.2
01-01-2026,10:32:00 PM,60,45.0,18.0
01-01-2026,10:33:00 PM,62,51.0,18.6
01-01-2026,10:34:00 PM,77,40.5,25.1
01-01-2026,10:35:00 PM,57,49.5,19.1
01-01-2026,10:36:00 PM,48,55.0,15.4
01-01-2026,10:37:00 PM,69,41.5,22.7
01-01-2026,10:38:00 PM,42,62.0,14.6
01-01-2026,10:39:00 PM,71,48.5,23.3
01-01-2026,10:40:00 PM,75,37.5,23.5
01-01-2026,10:41:00 PM,67,45.5,23.1
01-01-2026,10:42:00 PM,76,44.0,22.8
01-01-2026,10:43:00 PM,40,58.0,14.0
01-01-2026,10:44:00 PM,68,50.0,23.4
01-01-2026,10:45:00 PM,57,48.5,19.1
01-01-2026,10:46:00 PM,70,40.0,21.0
01-01-2026,10:47:00 PM,77,40.5,24.1
01-01-2026,10:48:00 PM,51,54.5,15.3
01-01-2026,10:49:00 PM,70,43.0,21.0
01-01-2026,10:50:00 PM,44,60.0,15.2
01-01-2026,10:51:00 PM,42,57.0,13.6
01-01-2026,10:52:00 PM,66,47.0,21.8
01-01-2026,10:53:00 PM,66,51.0,21.8
01-01-2026,10:54:00 PM,45,56.5,14.5
01-01-2026,10:55:00 PM,76,46.0,26.8
01-01-2026,10:56:00 PM,76,46.0,25.8
01-01-2026,10:57:00 PM,76,39.0,25.8
01-01-2026,10:58:00 PM,57,54.5,17.1
01-01-2026,10:59:00 PM,68,44.0,20.4
01-01-2026,11:00:00 PM,71,44.5,24.3
01-01-2026,11:01:00 PM,44,57.0,13.2
01-01-2026,11:02:00 PM,52,50.0,19.6
01-01-2026,11:03:00 PM,61,48.5,20.3
01-01-2026,11:04:00 PM,62,46.0,20.6
01-01-2026,11:05:00 PM,73,40.5,22.9
01-01-2026,11:06:00 PM,60,49.0,21.0
01-01-2026,11:07:00 PM,50,56.0,18.0
01-01-2026,11:08:00 PM,40,62.0,16.0
01-01-2026,11:09:00 PM,74,39.0,24.2
01-01-2026,11:10:00 PM,75,39.5,26.5
01-01-2026,11:11:00 PM,56,49.0,19.8
01-01-2026,11:12:00 PM,57,53.5,17.1
01-01-2026,11:13:00 PM,63,52.5,20.9
01-01-2026,11:14:00 PM,76,43.0,26.8
01-01-2026,11:15:00 PM,47,55.5,14.1
01-01-2026,11:16:00 PM,76,40.0,24.8
01-01-2026,11:17:00 PM,66,46.0,20.8
01-01-2026,11:18:00 PM,50,55.0,19.0
01-01-2026,11:19:00 PM,51,54.5,19.3
01-01-2026,11:20:00 PM,50,56.0,18.0
01-01-2026,11:21:00 PM,44,53.0,16.2
01-01-2026,11:22:00 PM,51,54.5,15.3
01-01-2026,11:23:00 PM,58,55.0,20.4
01-01-2026,11:24:00 PM,71,44.5,22.3
01-01-2026,11:25:00 PM,75,42.5,24.5
01-01-2026,11:26:00 PM,72,46.0,23.6
01-01-2026,11:27:00 PM,50,58.0,17.0
01-01-2026,11:28:00 PM,56,49.0,20.8
01-01-2026,11:29:00 PM,53,49.5,18.9
01-01-2026,11:30:00 PM,43,59.5,16.9
01-01-2026,11:31:00 PM,74,46.0,25.2
01-01-2026,11:32:00 PM,56,47.0,16.8
01-01-2026,11:33:00 PM,72,46.0,23.6
01-01-2026,11:34:00 PM,77,38.5,25.1
01-01-2026,11:35:00 PM,44,59.0,14.2
01-01-2026,11:36:00 PM,71,44.5,25.3
01-01-2026,11:37:00 PM,61,46.5,19.3
01-01-2026,11:38:00 PM,60,46.0,18.0
01-01-2026,11:39:00 PM,63,45.5,18.9
01-01-2026,11:40:00 PM,69,42.5,22.7
01-01-2026,11:41:00 PM,47,60.5,14.1
01-01-2026,11:42:00 PM,79,41.5,25.7
01-01-2026,11:43:00 PM,40,58.0,12.0
01-01-2026,11:44:00 PM,76,37.0,26.8
01-01-2026,11:45:00 PM,52,56.0,19.6
01-01-2026,11:46:00 PM,48,51.0,17.4
01-01-2026,11:47:00 PM,74,39.0,22.2
01-01-2026,11:48:00 PM,73,41.5,23.9
01-01-2026,11:49:00 PM,74,45.0,24.2
01-01-2026,11:50:00 PM,53,49.5,19.9
01-01-2026,11:51:00 PM,58,51.0,18.4
01-01-2026,11:52:00 PM,79,35.5,24.7
01-01-2026,11:53:00 PM,55,52.5,19.5
01-01-2026,11:54:00 PM,41,55.5,13.3
01-01-2026,11:55:00 PM,52,56.0,18.6
01-01-2026,11:56:00 PM,73,44.5,23.9
01-01-2026,11:57:00 PM,47,57.5,16.1
01-01-2026,11:58:00 PM,68,47.0,24.4
01-01-2026,11:59:00 PM,78,36.0,23.4
02-01-2026,12:00:00 AM,69,44.5,24.7
02-01-2026,12:01:00 AM,60,47.0,22.0
02-01-2026,12:02:00 AM,58,54.0,17.4
02-01-2026,12:03:00 AM,61,44.5,19.3
02-01-2026,12:04:00 AM,49,53.5,17.7
02-01-2026,12:05:00 AM,59,46.5,18.7
02-01-2026,12:06:00 AM,67,44.5,24.1
02-01-2026,12:07:00 AM,63,48.5,21.9
02-01-2026,12:08:00 AM,52,55.0,16.6
02-01-2026,12:09:00 AM,51,55.5,16.3
02-01-2026,12:10:00 AM,57,53.5,18.1
02-01-2026,12:11:00 AM,50,58.0,18.0
02-01-2026,12:12:00 AM,54,56.0,16.2
02-01-2026,12:13:00 AM,68,50.0,21.4
02-01-2026,12:14:00 AM,71,44.5,21.3
02-01-2026,12:15:00 AM,62,51.0,19.6
02-01-2026,12:16:00 AM,47,59.5,18.1
02-01-2026,12:17:00 AM,68,49.0,20.4
02-01-2026,12:18:00 AM,58,54.0,19.4
02-01-2026,12:19:00 AM,73,41.5,24.9
02-01-2026,12:20:00 AM,57,48.5,21.1
02-01-2026,12:21:00 AM,58,46.0,20.4
02-01-2026,12:22:00 AM,76,37.0,23.8
02-01-2026,12:23:00 AM,62,53.0,22.6
02-01-2026,12:24:00 AM,72,47.0,22.6
02-01-2026,12:25:00 AM,62,48.0,22.6
02-01-2026,12:26:00 AM,52,53.0,15.6
02-01-2026,12:27:00 AM,63,43.5,21.9
02-01-2026,12:28:00 AM,64,51.0,23.2
02-01-2026,12:29:00 AM,59,47.5,19.7
02-01-2026,12:30:00 AM,51,53.5,16.3
02-01-2026,12:31:00 AM,56,51.0,19.8
02-01-2026,12:32:00 AM,74,39.0,24.2
02-01-2026,12:33:00 AM,46,60.0,17.8
02-01-2026,12:34:00 AM,57,50.5,21.1
02-01-2026,12:35:00 AM,75,38.5,22.5
02-01-2026,12:36:00 AM,48,56.0,16.4
02-01-2026,12:37:00 AM,61,44.5,21.3
02-01-2026,12:38:00 AM,62,45.0,18.6
02-01-2026,12:39:00 AM,63,50.5,21.9
02-01-2026,12:40:00 AM,57,48.5,20.1
02-01-2026,12:41:00 AM,45,56.5,16.5
02-01-2026,12:42:00 AM,79,40.5,23.7
02-01-2026,12:43:00 AM,75,41.5,25.5
02-01-2026,12:44:00 AM,74,46.0,22.2
02-01-2026,12:45:00 AM,49,54.5,17.7
02-01-2026,12:46:00 AM,49,54.5,15.7
02-01-2026,12:47:00 AM,61,44.5,21.3
02-01-2026,12:48:00 AM,53,57.5,17.9
02-01-2026,12:49:00 AM,64,45.0,19.2
02-01-2026,12:50:00 AM,51,54.5,18.3
02-01-2026,12:51:00 AM,63,51.5,21.9
02-01-2026,12:52:00 AM,65,47.5,19.5
02-01-2026,12:53:00 AM,59,51.5,20.7
02-01-2026,12:54:00 AM,55,47.5,19.5
02-01-2026,12:55:00 AM,51,54.5,19.3
02-01-2026,12:56:00 AM,69,48.5,21.7
02-01-2026,12:57:00 AM,76,42.0,26.8
02-01-2026,12:58:00 AM,64,43.0,20.2
02-01-2026,12:59:00 AM,46,55.0,13.8
02-01-2026,01:00:00 AM,51,53.5,18.3
02-01-2026,01:01:00 AM,52,55.0,18.6
02-01-2026,01:02:00 AM,48,58.0,14.4
02-01-2026,01:03:00 AM,62,52.0,22.6
02-01-2026,01:04:00 AM,61,47.5,20.3
02-01-2026,01:05:00 AM,68,49.0,24.4
02-01-2026,01:06:00 AM,73,39.5,24.9
02-01-2026,01:07:00 AM,52,55.0,18.6
02-01-2026,01:08:00 AM,65,45.5,20.5
02-01-2026,01:09:00 AM,79,43.5,27.7
02-01-2026,01:10:00 AM,71,42.5,22.3
02-01-2026,01:11:00 AM,50,55.0,15.0
02-01-2026,01:12:00 AM,56,56.0,19.8
02-01-2026,01:13:00 AM,46,61.0,13.8
02-01-2026,01:14:00 AM,65,50.5,20.5
02-01-2026,01:15:00 AM,58,50.0,20.4
02-01-2026,01:16:00 AM,70,40.0,21.0
02-01-2026,01:17:00 AM,77,43.5,26.1
02-01-2026,01:18:00 AM,70,48.0,22.0
02-01-2026,01:19:00 AM,65,42.5,20.5
02-01-2026,01:20:00 AM,44,56.0,16.2
02-01-2026,01:21:00 AM,50,57.0,15.0
02-01-2026,01:22:00 AM,77,37.5,27.1
02-01-2026,01:23:00 AM,60,49.0,19.0
02-01-2026,01:24:00 AM,53,57.5,19.9
02-01-2026,01:25:00 AM,70,42.0,25.0
02-01-2026,01:26:00 AM,47,51.5,14.1
02-01-2026,01:27:00 AM,50,51.0,17.0
02-01-2026,01:28:00 AM,70,45.0,21.0
02-01-2026,01:29:00 AM,55,50.5,18.5
02-01-2026,01:30:00 AM,65,50.5,22.5
02-01-2026,01:31:00 AM,50,54.0,15.0
02-01-2026,01:32:00 AM,57,48.5,18.1
02-01-2026,01:33:00 AM,65,47.5,22.5
02-01-2026,01:34:00 AM,68,42.0,20.4
02-01-2026,01:35:00 AM,55,48.5,17.5
02-01-2026,01:36:00 AM,47,60.5,17.1
02-01-2026,01:37:00 AM,69,40.5,22.7
02-01-2026,01:38:00 AM,78,36.0,25.4
02-01-2026,01:39:00 AM,59,52.5,18.7
02-01-2026,01:40:00 AM,61,49.5,21.3
02-01-2026,01:41:00 AM,48,55.0,15.4
02-01-2026,01:42:00 AM,75,41.5,25.5
02-01-2026,01:43:00 AM,67,50.5,22.1
02-01-2026,01:44:00 AM,60,52.0,19.0
02-01-2026,01:45:00 AM,79,36.5,25.7
02-01-2026,01:46:00 AM,61,48.5,20.3
02-01-2026,01:47:00 AM,68,43.0,23.4
02-01-2026,01:48:00 AM,52,58.0,18.6
02-01-2026,01:49:00 AM,48,56.0,16.4
02-01-2026,01:50:00 AM,73,40.5,21.9
02-01-2026,01:51:00 AM,71,47.5,25.3
02-01-2026,01:52:00 AM,46,52.0,15.8
02-01-2026,01:53:00 AM,59,48.5,21.7
02-01-2026,01:54:00 AM,69,42.5,22.7
02-01-2026,01:55:00 AM,78,45.0,23.4
02-01-2026,01:56:00 AM,57,49.5,21.1
02-01-2026,01:57:00 AM,59,49.5,19.7
02-01-2026,01:58:00 AM,57,49.5,17.1
02-01-2026,01:59:00 AM,40,64.0,13.0
02-01-2026,02:00:00 AM,59,48.5,18.7
02-01-2026,02:01:00 AM,50,58.0,15.0
02-01-2026,02:02:00 AM,44,62.0,13.2
02-01-2026,02:03:00 AM,56,52.0,17.8
02-01-2026,02:04:00 AM,68,44.0,24.4
02-01-2026,02:05:00 AM,50,57.0,17.0
02-01-2026,02:06:00 AM,60,47.0,21.0
02-01-2026,02:07:00 AM,65,44.5,21.5
02-01-2026,02:08:00 AM,46,58.0,14.8
02-01-2026,02:09:00 AM,79,39.5,27.7
02-01-2026,02:10:00 AM,53,51.5,16.9
02-01-2026,02:11:00 AM,59,46.5,20.7
02-01-2026,02:12:00 AM,68,48.0,20.4
02-01-2026,02:13:00 AM,58,52.0,20.4
02-01-2026,02:14:00 AM,66,45.0,20.8
02-01-2026,02:15:00 AM,54,50.0,20.2
02-01-2026,02:16:00 AM,40,57.0,14.0
02-01-2026,02:17:00 AM,79,38.5,24.7
02-01-2026,02:18:00 AM,68,48.0,21.4
02-01-2026,02:19:00 AM,43,55.5,13.9
02-01-2026,02:20:00 AM,62,48.0,21.6
02-01-2026,02:21:00 AM,62,48.0,22.6
02-01-2026,02:22:00 AM,45,56.5,13.5
02-01-2026,02:23:00 AM,49,57.5,18.7
02-01-2026,02:24:00 AM,59,47.5,19.7
02-01-2026,02:25:00 AM,61,47.5,21.3
02-01-2026,02:26:00 AM,51,54.5,17.3
02-01-2026,02:27:00 AM,75,45.5,26.5
02-01-2026,02:28:00 AM,52,55.0,16.6
02-01-2026,02:29:00 AM,69,44.5,20.7
02-01-2026,02:30:00 AM,66,44.0,19.8
02-01-2026,02:31:00 AM,75,43.5,26.5
02-01-2026,02:32:00 AM,60,52.0,18.0
02-01-2026,02:33:00 AM,55,53.5,17.5
02-01-2026,02:34:00 AM,49,51.5,14.7
02-01-2026,02:35:00 AM,56,56.0,16.8
02-01-2026,02:36:00 AM,56,50.0,19.8
02-01-2026,02:37:00 AM,64,47.0,23.2
02-01-2026,02:38:00 AM,77,36.5,23.1
02-01-2026,02:39:00 AM,64,45.0,22.2
02-01-2026,02:40:00 AM,56,55.0,17.8
02-01-2026,02:41:00 AM,79,41.5,25.7
02-01-2026,02:42:00 AM,45,52.5,14.5
02-01-2026,02:43:00 AM,78,44.0,23.4
02-01-2026,02:44:00 AM,73,46.5,25.9
02-01-2026,02:45:00 AM,48,56.0,17.4
02-01-2026,02:46:00 AM,42,54.0,12.6
02-01-2026,02:47:00 AM,51,55.5,15.3
02-01-2026,02:48:00 AM,56,49.0,17.8
02-01-2026,02:49:00 AM,54,51.0,19.2
02-01-2026,02:50:00 AM,57,46.5,19.1
02-01-2026,02:51:00 AM,74,45.0,23.2
02-01-2026,02:52:00 AM,72,40.0,25.6
02-01-2026,02:53:00 AM,43,60.5,14.9
02-01-2026,02:54:00 AM,68,43.0,20.4
02-01-2026,02:55:00 AM,72,39.0,23.6
02-01-2026,02:56:00 AM,40,59.0,14.0
02-01-2026,02:57:00 AM,55,52.5,20.5
02-01-2026,02:58:00 AM,74,40.0,25.2
02-01-2026,02:59:00 AM,55,56.5,16.5
02-01-2026,03:00:00 AM,59,48.5,20.7
02-01-2026,03:01:00 AM,62,45.0,20.6
02-01-2026,03:02:00 AM,76,44.0,24.8
02-01-2026,03:03:00 AM,55,53.5,18.5
02-01-2026,03:04:00 AM,57,49.5,20.1
02-01-2026,03:05:00 AM,72,39.0,24.6
02-01-2026,03:06:00 AM,50,54.0,17.0
02-01-2026,03:07:00 AM,51,49.5,15.3
02-01-2026,03:08:00 AM,44,61.0,16.2
02-01-2026,03:09:00 AM,53,52.5,17.9
02-01-2026,03:10:00 AM,72,40.0,21.6
02-01-2026,03:11:00 AM,58,51.0,21.4
02-01-2026,03:12:00 AM,41,60.5,15.3
02-01-2026,03:13:00 AM,72,42.0,23.6
02-01-2026,03:14:00 AM,68,48.0,23.4
02-01-2026,03:15:00 AM,68,48.0,21.4
02-01-2026,03:16:00 AM,49,58.5,14.7
02-01-2026,03:17:00 AM,47,60.5,18.1
02-01-2026,03:18:00 AM,49,50.5,15.7
02-01-2026,03:19:00 AM,45,61.5,17.5
02-01-2026,03:20:00 AM,67,49.5,24.1
02-01-2026,03:21:00 AM,57,55.5,20.1
02-01-2026,03:22:00 AM,66,42.0,22.8
02-01-2026,03:23:00 AM,46,54.0,14.8
02-01-2026,03:24:00 AM,73,46.5,23.9
02-01-2026,03:25:00 AM,55,48.5,19.5
02-01-2026,03:26:00 AM,63,52.5,19.9
02-01-2026,03:27:00 AM,78,41.0,26.4
02-01-2026,03:28:00 AM,66,50.0,22.8
02-01-2026,03:29:00 AM,58,49.0,19.4
02-01-2026,03:30:00 AM,41,58.5,13.3
02-01-2026,03:31:00 AM,61,46.5,20.3
02-01-2026,03:32:00 AM,49,58.5,14.7
02-01-2026,03:33:00 AM,71,44.5,21.3
02-01-2026,03:34:00 AM,75,38.5,26.5
02-01-2026,03:35:00 AM,43,53.5,14.9
02-01-2026,03:36:00 AM,65,50.5,20.5
02-01-2026,03:37:00 AM,54,53.0,18.2
02-01-2026,03:38:00 AM,60,52.0,21.0
02-01-2026,03:39:00 AM,73,46.5,25.9
02-01-2026,03:40:00 AM,67,41.5,20.1
02-01-2026,03:41:00 AM,43,59.5,12.9
02-01-2026,03:42:00 AM,48,54.0,16.4
02-01-2026,03:43:00 AM,40,64.0,15.0
02-01-2026,03:44:00 AM,48,60.0,14.4
02-01-2026,03:45:00 AM,49,51.5,16.7
02-01-2026,03:46:00 AM,74,41.0,24.2
02-01-2026,03:47:00 AM,60,53.0,21.0
02-01-2026,03:48:00 AM,54,51.0,20.2
02-01-2026,03:49:00 AM,48,60.0,16.4
02-01-2026,03:50:00 AM,67,41.5,22.1
02-01-2026,03:51:00 AM,59,52.5,17.7
02-01-2026,03:52:00 AM,62,47.0,18.6
02-01-2026,03:53:00 AM,44,54.0,15.2
02-01-2026,03:54:00 AM,42,63.0,12.6
02-01-2026,03:55:00 AM,50,51.0,16.0
02-01-2026,03:56:00 AM,57,51.5,19.1
02-01-2026,03:57:00 AM,75,44.5,24.5
02-01-2026,03:58:00 AM,49,55.5,14.7
02-01-2026,03:59:00 AM,66,49.0,21.8
02-01-2026,04:00:00 AM,56,55.0,20.8
02-01-2026,04:01:00 AM,45,60.5,13.5
02-01-2026,04:02:00 AM,67,41.5,24.1
02-01-2026,04:03:00 AM,48,52.0,16.4
02-01-2026,04:04:00 AM,60,46.0,22.0
02-01-2026,04:05:00 AM,77,45.5,26.1
02-01-2026,04:06:00 AM,76,38.0,23.8
02-01-2026,04:07:00 AM,61,53.5,18.3
02-01-2026,04:08:00 AM,52,52.0,19.6
02-01-2026,04:09:00 AM,63,46.5,21.9
02-01-2026,04:10:00 AM,54,48.0,18.2
02-01-2026,04:11:00 AM,53,53.5,16.9
02-01-2026,04:12:00 AM,40,60.0,16.0
02-01-2026,04:13:00 AM,68,45.0,20.4
02-01-2026,04:14:00 AM,49,54.5,15.7
02-01-2026,04:15:00 AM,46,54.0,17.8
02-01-2026,04:16:00 AM,59,47.5,19.7
02-01-2026,04:17:00 AM,43,57.5,12.9
02-01-2026,04:18:00 AM,43,60.5,13.9
02-01-2026,04:19:00 AM,62,52.0,22.6
02-01-2026,04:20:00 AM,63,51.5,22.9
02-01-2026,04:21:00 AM,71,45.5,25.3
02-01-2026,04:22:00 AM,75,46.5,22.5
02-01-2026,04:23:00 AM,78,36.0,23.4
02-01-2026,04:24:00 AM,60,53.0,20.0
02-01-2026,04:25:00 AM,74,44.0,22.2
02-01-2026,04:26:00 AM,44,62.0,13.2
02-01-2026,04:27:00 AM,51,55.5,17.3
02-01-2026,04:28:00 AM,69,48.5,20.7
02-01-2026,04:29:00 AM,68,45.0,24.4
02-01-2026,04:30:00 AM,71,42.5,25.3
02-01-2026,04:31:00 AM,56,53.0,20.8
02-01-2026,04:32:00 AM,41,58.5,15.3
02-01-2026,04:33:00 AM,57,51.5,17.1
02-01-2026,04:34:00 AM,69,40.5,22.7
02-01-2026,04:35:00 AM,71,48.5,23.3
02-01-2026,04:36:00 AM,53,57.5,16.9
02-01-2026,04:37:00 AM,75,38.5,22.5
02-01-2026,04:38:00 AM,67,47.5,22.1
02-01-2026,04:39:00 AM,54,55.0,18.2
02-01-2026,04:40:00 AM,48,51.0,14.4
02-01-2026,04:41:00 AM,58,48.0,18.4
02-01-2026,04:42:00 AM,79,44.5,23.7
02-01-2026,04:43:00 AM,68,42.0,21.4
02-01-2026,04:44:00 AM,52,54.0,15.6
02-01-2026,04:45:00 AM,73,38.5,25.9
02-01-2026,04:46:00 AM,68,47.0,21.4
02-01-2026,04:47:00 AM,56,53.0,20.8
02-01-2026,04:48:00 AM,44,62.0,13.2
02-01-2026,04:49:00 AM,42,60.0,13.6
02-01-2026,04:50:00 AM,78,40.0,23.4
02-01-2026,04:51:00 AM,56,55.0,18.8
02-01-2026,04:52:00 AM,42,58.0,14.6
02-01-2026,04:53:00 AM,71,48.5,24.3
02-01-2026,04:54:00 AM,55,55.5,19.5
02-01-2026,04:55:00 AM,48,58.0,14.4
02-01-2026,04:56:00 AM,68,49.0,20.4
02-01-2026,04:57:00 AM,46,54.0,15.8
02-01-2026,04:58:00 AM,41,62.5,16.3
02-01-2026,04:59:00 AM,54,50.0,18.2
02-01-2026,05:00:00 AM,69,48.5,21.7
02-01-2026,05:01:00 AM,41,61.5,15.3
02-01-2026,05:02:00 AM,79,38.5,26.7
02-01-2026,05:03:00 AM,57,47.5,21.1
02-01-2026,05:04:00 AM,54,51.0,20.2
02-01-2026,05:05:00 AM,68,43.0,22.4
02-01-2026,05:06:00 AM,42,59.0,14.6
02-01-2026,05:07:00 AM,43,56.5,14.9
02-01-2026,05:08:00 AM,70,41.0,21.0
02-01-2026,05:09:00 AM,48,52.0,18.4
02-01-2026,05:10:00 AM,54,56.0,19.2
02-01-2026,05:11:00 AM,47,59.5,15.1
02-01-2026,05:12:00 AM,76,43.0,23.8
02-01-2026,05:13:00 AM,56,49.0,20.8
02-01-2026,05:14:00 AM,58,52.0,20.4
02-01-2026,05:15:00 AM,48,56.0,18.4
02-01-2026,05:16:00 AM,56,53.0,18.8
02-01-2026,05:17:00 AM,60,54.0,21.0
02-01-2026,05:18:00 AM,76,41.0,23.8
02-01-2026,05:19:00 AM,51,58.5,19.3
02-01-2026,05:20:00 AM,52,54.0,17.6
02-01-2026,05:21:00 AM,79,36.5,26.7
02-01-2026,05:22:00 AM,49,50.5,15.7
02-01-2026,05:23:00 AM,41,55.5,15.3
02-01-2026,05:24:00 AM,65,48.5,20.5
02-01-2026,05:25:00 AM,71,39.5,21.3
02-01-2026,05:26:00 AM,42,59.0,14.6
02-01-2026,05:27:00 AM,69,40.5,24.7
02-01-2026,05:28:00 AM,71,43.5,22.3
02-01-2026,05:29:00 AM,52,52.0,16.6
02-01-2026,05:30:00 AM,78,40.0,26.4
02-01-2026,05:31:00 AM,71,45.5,24.3
02-01-2026,05:32:00 AM,76,40.0,25.8
02-01-2026,05:33:00 AM,72,46.0,21.6
02-01-2026,05:34:00 AM,76,42.0,26.8
02-01-2026,05:35:00 AM,60,47.0,22.0
02-01-2026,05:36:00 AM,45,60.5,15.5
02-01-2026,05:37:00 AM,79,41.5,27.7
02-01-2026,05:38:00 AM,77,37.5,24.1
02-01-2026,05:39:00 AM,47,51.5,18.1
02-01-2026,05:40:00 AM,77,39.5,26.1
02-01-2026,05:41:00 AM,70,49.0,23.0
02-01-2026,05:42:00 AM,66,44.0,23.8
02-01-2026,05:43:00 AM,52,49.0,17.6
02-01-2026,05:44:00 AM,50,54.0,17.0
02-01-2026,05:45:00 AM,50,54.0,17.0
02-01-2026,05:46:00 AM,61,49.5,19.3
02-01-2026,05:47:00 AM,71,42.5,23.3
02-01-2026,05:48:00 AM,74,40.0,26.2
02-01-2026,05:49:00 AM,60,54.0,20.0
02-01-2026,05:50:00 AM,64,46.0,23.2
02-01-2026,05:51:00 AM,68,43.0,22.4
02-01-2026,05:52:00 AM,41,63.5,16.3
02-01-2026,05:53:00 AM,64,46.0,21.2
02-01-2026,05:54:00 AM,62,51.0,20.6
02-01-2026,05:55:00 AM,73,44.5,24.9
02-01-2026,05:56:00 AM,44,57.0,15.2
02-01-2026,05:57:00 AM,60,46.0,21.0
02-01-2026,05:58:00 AM,59,50.5,17.7
02-01-2026,05:59:00 AM,53,49.5,17.9
02-01-2026,06:00:00 AM,57,53.5,19.1
02-01-2026,06:01:00 AM,60,49.0,18.0
02-01-2026,06:02:00 AM,64,51.0,20.2
02-01-2026,06:03:00 AM,61,46.5,18.3
02-01-2026,06:04:00 AM,46,55.0,13.8
02-01-2026,06:05:00 AM,54,55.0,19.2
02-01-2026,06:06:00 AM,61,49.5,19.3
02-01-2026,06:07:00 AM,56,48.0,19.8
02-01-2026,06:08:00 AM,72,45.0,23.6
02-01-2026,06:09:00 AM,54,55.0,19.2
02-01-2026,06:10:00 AM,69,45.5,22.7
02-01-2026,06:11:00 AM,67,48.5,21.1
02-01-2026,06:12:00 AM,69,41.5,24.7
02-01-2026,06:13:00 AM,77,37.5,26.1
02-01-2026,06:14:00 AM,65,49.5,22.5
02-01-2026,06:15:00 AM,79,40.5,26.7
02-01-2026,06:16:00 AM,47,58.5,15.1
02-01-2026,06:17:00 AM,69,40.5,23.7
02-01-2026,06:18:00 AM,55,53.5,20.5
02-01-2026,06:19:00 AM,66,46.0,19.8
02-01-2026,06:20:00 AM,74,40.0,25.2
02-01-2026,06:21:00 AM,76,46.0,22.8
02-01-2026,06:22:00 AM,70,46.0,21.0
02-01-2026,06:23:00 AM,47,55.5,17.1
02-01-2026,06:24:00 AM,78,40.0,26.4
02-01-2026,06:25:00 AM,56,56.0,20.8
02-01-2026,06:26:00 AM,58,47.0,18.4
02-01-2026,06:27:00 AM,46,61.0,14.8
02-01-2026,06:28:00 AM,59,46.5,18.7
02-01-2026,06:29:00 AM,71,42.5,25.3
02-01-2026,06:30:00 AM,59,47.5,21.7
02-01-2026,06:31:00 AM,79,42.5,26.7
02-01-2026,06:32:00 AM,62,51.0,20.6
02-01-2026,06:33:00 AM,47,58.5,17.1
02-01-2026,06:34:00 AM,49,56.5,17.7
02-01-2026,06:35:00 AM,75,40.5,26.5
02-01-2026,06:36:00 AM,65,47.5,22.5
02-01-2026,06:37:00 AM,70,41.0,22.0
02-01-2026,06:38:00 AM,70,46.0,23.0
02-01-2026,06:39:00 AM,67,45.5,21.1
02-01-2026,06:40:00 AM,79,42.5,25.7
02-01-2026,06:41:00 AM,62,44.0,18.6
02-01-2026,06:42:00 AM,70,49.0,21.0
02-01-2026,06:43:00 AM,73,46.5,25.9
02-01-2026,06:44:00 AM,64,44.0,21.2
02-01-2026,06:45:00 AM,51,56.5,15.3
02-01-2026,06:46:00 AM,54,57.0,20.2
02-01-2026,06:47:00 AM,56,55.0,19.8
02-01-2026,06:48:00 AM,65,46.5,20.5
02-01-2026,06:49:00 AM,52,57.0,18.6
02-01-2026,06:50:00 AM,77,38.5,26.1
02-01-2026,06:51:00 AM,46,60.0,15.8
02-01-2026,06:52:00 AM,57,52.5,20.1
02-01-2026,06:53:00 AM,64,50.0,23.2
02-01-2026,06:54:00 AM,56,47.0,20.8
02-01-2026,06:55:00 AM,45,54.5,17.5
02-01-2026,06:56:00 AM,65,47.5,22.5
02-01-2026,06:57:00 AM,78,43.0,23.4
02-01-2026,06:58:00 AM,52,54.0,18.6
02-01-2026,06:59:00 AM,69,42.5,23.7
02-01-2026,07:00:00 AM,42,59.0,13.6
02-01-2026,07:01:00 AM,55,52.5,20.5
02-01-2026,07:02:00 AM,77,43.5,23.1
02-01-2026,07:03:00 AM,45,54.5,14.5
02-01-2026,07:04:00 AM,42,54.0,14.6
02-01-2026,07:05:00 AM,70,44.0,24.0
02-01-2026,07:06:00 AM,64,51.0,23.2
02-01-2026,07:07:00 AM,59,51.5,20.7
02-01-2026,07:08:00 AM,52,58.0,16.6
02-01-2026,07:09:00 AM,59,48.5,21.7
02-01-2026,07:10:00 AM,56,52.0,19.8
02-01-2026,07:11:00 AM,72,39.0,25.6
02-01-2026,07:12:00 AM,56,54.0,17.8
02-01-2026,07:13:00 AM,47,52.5,16.1
02-01-2026,07:14:00 AM,62,51.0,20.6
02-01-2026,07:15:00 AM,65,48.5,23.5
02-01-2026,07:16:00 AM,67,49.5,24.1
02-01-2026,07:17:00 AM,55,53.5,17.5
02-01-2026,07:18:00 AM,57,46.5,21.1
02-01-2026,07:19:00 AM,71,40.5,25.3
02-01-2026,07:20:00 AM,69,41.5,24.7
02-01-2026,07:21:00 AM,60,49.0,18.0
02-01-2026,07:22:00 AM,79,37.5,26.7
02-01-2026,07:23:00 AM,54,56.0,19.2
02-01-2026,07:24:00 AM,49,54.5,17.7
02-01-2026,07:25:00 AM,69,40.5,20.7
02-01-2026,07:26:00 AM,48,56.0,14.4
02-01-2026,07:27:00 AM,74,39.0,22.2
02-01-2026,07:28:00 AM,71,39.5,25.3
02-01-2026,07:29:00 AM,53,56.5,15.9
02-01-2026,07:30:00 AM,47,58.5,16.1
02-01-2026,07:31:00 AM,51,49.5,17.3
02-01-2026,07:32:00 AM,79,44.5,25.7
02-01-2026,07:33:00 AM,50,56.0,17.0
02-01-2026,07:34:00 AM,70,40.0,21.0
02-01-2026,07:35:00 AM,71,48.5,25.3
02-01-2026,07:36:00 AM,60,49.0,19.0
02-01-2026,07:37:00 AM,77,40.5,27.1
02-01-2026,07:38:00 AM,47,59.5,14.1
02-01-2026,07:39:00 AM,74,40.0,24.2
02-01-2026,07:40:00 AM,63,43.5,22.9
02-01-2026,07:41:00 AM,41,61.5,14.3
02-01-2026,07:42:00 AM,78,36.0,25.4
02-01-2026,07:43:00 AM,77,37.5,27.1
02-01-2026,07:44:00 AM,43,58.5,13.9
02-01-2026,07:45:00 AM,75,46.5,26.5
02-01-2026,07:46:00 AM,71,39.5,21.3
02-01-2026,07:47:00 AM,75,43.5,25.5
02-01-2026,07:48:00 AM,58,55.0,20.4
02-01-2026,07:49:00 AM,74,45.0,24.2
02-01-2026,07:50:00 AM,67,41.5,21.1
02-01-2026,07:51:00 AM,57,53.5,17.1
02-01-2026,07:52:00 AM,51,56.5,16.3
02-01-2026,07:53:00 AM,43,58.5,15.9
02-01-2026,07:54:00 AM,66,50.0,22.8
02-01-2026,07:55:00 AM,70,47.0,25.0
02-01-2026,07:56:00 AM,64,44.0,21.2
02-01-2026,07:57:00 AM,63,48.5,19.9
02-01-2026,07:58:00 AM,48,60.0,17.4
02-01-2026,07:59:00 AM,79,44.5,25.7
02-01-2026,08:00:00 AM,42,61.0,16.6
02-01-2026,08:01:00 AM,42,63.0,14.6
02-01-2026,08:02:00 AM,55,47.5,18.5
02-01-2026,08:03:00 AM,51,57.5,19.3
02-01-2026,08:04:00 AM,65,43.5,20.5
02-01-2026,08:05:00 AM,59,51.5,20.7
02-01-2026,08:06:00 AM,62,50.0,18.6
02-01-2026,08:07:00 AM,64,44.0,21.2
02-01-2026,08:08:00 AM,60,53.0,21.0
02-01-2026,08:09:00 AM,61,48.5,22.3
02-01-2026,08:10:00 AM,72,42.0,25.6
02-01-2026,08:11:00 AM,54,57.0,17.2
02-01-2026,08:12:00 AM,54,56.0,20.2
02-01-2026,08:13:00 AM,63,51.5,19.9
02-01-2026,08:14:00 AM,44,58.0,13.2
02-01-2026,08:15:00 AM,62,47.0,20.6
02-01-2026,08:16:00 AM,57,50.5,20.1
02-01-2026,08:17:00 AM,74,43.0,24.2
02-01-2026,08:18:00 AM,79,36.5,24.7
02-01-2026,08:19:00 AM,64,46.0,19.2
02-01-2026,08:20:00 AM,47,57.5,16.1
02-01-2026,08:21:00 AM,44,62.0,17.2
02-01-2026,08:22:00 AM,76,44.0,24.8
02-01-2026,08:23:00 AM,77,40.5,23.1
02-01-2026,08:24:00 AM,41,54.5,15.3
02-01-2026,08:25:00 AM,69,46.5,21.7
02-01-2026,08:26:00 AM,52,56.0,19.6
02-01-2026,08:27:00 AM,67,50.5,20.1
02-01-2026,08:28:00 AM,78,45.0,27.4
02-01-2026,08:29:00 AM,73,44.5,24.9
02-01-2026,08:30:00 AM,64,43.0,23.2
02-01-2026,08:31:00 AM,40,55.0,12.0
02-01-2026,08:32:00 AM,60,45.0,20.0
02-01-2026,08:33:00 AM,55,54.5,16.5
02-01-2026,08:34:00 AM,56,52.0,17.8
02-01-2026,08:35:00 AM,52,49.0,15.6
02-01-2026,08:36:00 AM,53,53.5,17.9
02-01-2026,08:37:00 AM,53,55.5,19.9
02-01-2026,08:38:00 AM,54,53.0,20.2
02-01-2026,08:39:00 AM,66,42.0,23.8
02-01-2026,08:40:00 AM,74,43.0,26.2
02-01-2026,08:41:00 AM,61,53.5,18.3
02-01-2026,08:42:00 AM,62,52.0,19.6
02-01-2026,08:43:00 AM,65,46.5,20.5
02-01-2026,08:44:00 AM,59,50.5,19.7
02-01-2026,08:45:00 AM,57,49.5,17.1
02-01-2026,08:46:00 AM,53,54.5,18.9
02-01-2026,08:47:00 AM,54,50.0,18.2
02-01-2026,08:48:00 AM,74,38.0,24.2
02-01-2026,08:49:00 AM,58,49.0,20.4
02-01-2026,08:50:00 AM,74,47.0,25.2
02-01-2026,08:51:00 AM,79,42.5,27.7
02-01-2026,08:52:00 AM,56,53.0,18.8
02-01-2026,08:53:00 AM,40,57.0,15.0
02-01-2026,08:54:00 AM,52,54.0,16.6
02-01-2026,08:55:00 AM,53,52.5,18.9
02-01-2026,08:56:00 AM,79,38.5,27.7
02-01-2026,08:57:00 AM,65,43.5,21.5
02-01-2026,08:58:00 AM,47,58.5,16.1
02-01-2026,08:59:00 AM,70,48.0,25.0
02-01-2026,09:00:00 AM,41,61.5,15.3
02-01-2026,09:01:00 AM,78,45.0,27.4
02-01-2026,09:02:00 AM,55,49.5,17.5
02-01-2026,09:03:00 AM,77,37.5,24.1
02-01-2026,09:04:00 AM,44,57.0,17.2
02-01-2026,09:05:00 AM,78,37.0,25.4
02-01-2026,09:06:00 AM,62,48.0,19.6
02-01-2026,09:07:00 AM,43,59.5,13.9
02-01-2026,09:08:00 AM,57,53.5,18.1
02-01-2026,09:09:00 AM,71,47.5,25.3
02-01-2026,09:10:00 AM,49,53.5,16.7
02-01-2026,09:11:00 AM,42,63.0,14.6
02-01-2026,09:12:00 AM,56,50.0,19.8
02-01-2026,09:13:00 AM,56,55.0,18.8
02-01-2026,09:14:00 AM,44,58.0,15.2
02-01-2026,09:15:00 AM,61,44.5,21.3
02-01-2026,09:16:00 AM,61,50.5,20.3
02-01-2026,09:17:00 AM,52,58.0,17.6
02-01-2026,09:18:00 AM,48,57.0,14.4
02-01-2026,09:19:00 AM,57,46.5,19.1
02-01-2026,09:20:00 AM,48,57.0,15.4
02-01-2026,09:21:00 AM,58,50.0,20.4
02-01-2026,09:22:00 AM,62,52.0,21.6
02-01-2026,09:23:00 AM,73,45.5,21.9
02-01-2026,09:24:00 AM,49,59.5,14.7
02-01-2026,09:25:00 AM,69,46.5,20.7
02-01-2026,09:26:00 AM,64,45.0,22.2
02-01-2026,09:27:00 AM,73,47.5,23.9
02-01-2026,09:28:00 AM,50,54.0,19.0
02-01-2026,09:29:00 AM,61,50.5,18.3
02-01-2026,09:30:00 AM,41,62.5,13.3
02-01-2026,09:31:00 AM,57,51.5,19.1
02-01-2026,09:32:00 AM,50,50.0,17.0
02-01-2026,09:33:00 AM,57,48.5,21.1
02-01-2026,09:34:00 AM,65,47.5,19.5
02-01-2026,09:35:00 AM,51,52.5,16.3
02-01-2026,09:36:00 AM,65,49.5,22.5
02-01-2026,09:37:00 AM,51,49.5,19.3
02-01-2026,09:38:00 AM,56,54.0,19.8
02-01-2026,09:39:00 AM,60,52.0,22.0
02-01-2026,09:40:00 AM,65,45.5,22.5
02-01-2026,09:41:00 AM,68,45.0,21.4
02-01-2026,09:42:00 AM,46,55.0,16.8
02-01-2026,09:43:00 AM,76,39.0,25.8
02-01-2026,09:44:00 AM,58,55.0,21.4
02-01-2026,09:45:00 AM,76,43.0,25.8
02-01-2026,09:46:00 AM,68,44.0,20.4
02-01-2026,09:47:00 AM,45,55.5,14.5
02-01-2026,09:48:00 AM,61,45.5,22.3
02-01-2026,09:49:00 AM,75,39.5,23.5
02-01-2026,09:50:00 AM,52,54.0,19.6
02-01-2026,09:51:00 AM,75,42.5,25.5
02-01-2026,09:52:00 AM,75,45.5,24.5
02-01-2026,09:53:00 AM,58,51.0,20.4
02-01-2026,09:54:00 AM,54,56.0,19.2
02-01-2026,09:55:00 AM,48,54.0,15.4
02-01-2026,09:56:00 AM,57,50.5,20.1
02-01-2026,09:57:00 AM,62,48.0,19.6
02-01-2026,09:58:00 AM,43,54.5,16.9
02-01-2026,09:59:00 AM,48,60.0,17.4
02-01-2026,10:00:00 AM,58,55.0,19.4
02-01-2026,10:01:00 AM,60,47.0,22.0
02-01-2026,10:02:00 AM,71,40.5,23.3
02-01-2026,10:03:00 AM,49,51.5,15.7
02-01-2026,10:04:00 AM,63,43.5,22.9
02-01-2026,10:05:00 AM,70,47.0,21.0
02-01-2026,10:06:00 AM,50,56.0,19.0
02-01-2026,10:07:00 AM,43,59.5,13.9
02-01-2026,10:08:00 AM,51,49.5,15.3
02-01-2026,10:09:00 AM,50,50.0,18.0
02-01-2026,10:10:00 AM,46,53.0,14.8
02-01-2026,10:11:00 AM,63,46.5,21.9
02-01-2026,10:12:00 AM,58,55.0,19.4
02-01-2026,10:13:00 AM,79,36.5,25.7
02-01-2026,10:14:00 AM,50,52.0,18.0
02-01-2026,10:15:00 AM,42,63.0,14.6
02-01-2026,10:16:00 AM,41,54.5,13.3
02-01-2026,10:17:00 AM,69,43.5,23.7
02-01-2026,10:18:00 AM,64,52.0,22.2
02-01-2026,10:19:00 AM,79,35.5,27.7
02-01-2026,10:20:00 AM,76,42.0,26.8
02-01-2026,10:21:00 AM,61,52.5,21.3
02-01-2026,10:22:00 AM,66,50.0,20.8
02-01-2026,10:23:00 AM,71,48.5,21.3
02-01-2026,10:24:00 AM,41,61.5,12.3
02-01-2026,10:25:00 AM,51,58.5,15.3
02-01-2026,10:26:00 AM,49,58.5,15.7
02-01-2026,10:27:00 AM,59,51.5,20.7
02-01-2026,10:28:00 AM,41,54.5,14.3
02-01-2026,10:29:00 AM,75,44.5,24.5
02-01-2026,10:30:00 AM,41,62.5,13.3
02-01-2026,10:31:00 AM,68,45.0,23.4
02-01-2026,10:32:00 AM,59,51.5,21.7
02-01-2026,10:33:00 AM,49,54.5,15.7
02-01-2026,10:34:00 AM,63,44.5,19.9
02-01-2026,10:35:00 AM,51,54.5,18.3
02-01-2026,10:36:00 AM,75,42.5,26.5
02-01-2026,10:37:00 AM,75,44.5,22.5
02-01-2026,10:38:00 AM,71,39.5,25.3
02-01-2026,10:39:00 AM,75,40.5,23.5
02-01-2026,10:40:00 AM,77,38.5,27.1
02-01-2026,10:41:00 AM,55,51.5,19.5
02-01-2026,10:42:00 AM,60,52.0,20.0
02-01-2026,10:43:00 AM,53,54.5,18.9
02-01-2026,10:44:00 AM,55,47.5,20.5
02-01-2026,10:45:00 AM,62,50.0,21.6
02-01-2026,10:46:00 AM,56,55.0,19.8
02-01-2026,10:47:00 AM,73,42.5,25.9
02-01-2026,10:48:00 AM,66,45.0,21.8
02-01-2026,10:49:00 AM,53,48.5,19.9
02-01-2026,10:50:00 AM,70,42.0,21.0
02-01-2026,10:51:00 AM,67,43.5,24.1
02-01-2026,10:52:00 AM,59,47.5,21.7
02-01-2026,10:53:00 AM,48,56.0,14.4
02-01-2026,10:54:00 AM,70,45.0,22.0
02-01-2026,10:55:00 AM,44,61.0,13.2
02-01-2026,10:56:00 AM,59,51.5,19.7
02-01-2026,10:57:00 AM,78,41.0,25.4
02-01-2026,10:58:00 AM,68,46.0,21.4
02-01-2026,10:59:00 AM,55,49.5,19.5
02-01-2026,11:00:00 AM,42,54.0,13.6
02-01-2026,11:01:00 AM,40,55.0,13.0
02-01-2026,11:02:00 AM,68,44.0,24.4
02-01-2026,11:03:00 AM,72,41.0,24.6
02-01-2026,11:04:00 AM,74,42.0,24.2
02-01-2026,11:05:00 AM,51,52.5,19.3
02-01-2026,11:06:00 AM,59,53.5,20.7
02-01-2026,11:07:00 AM,58,51.0,19.4
02-01-2026,11:08:00 AM,52,57.0,18.6
02-01-2026,11:09:00 AM,61,46.5,21.3
02-01-2026,11:10:00 AM,47,60.5,15.1
02-01-2026,11:11:00 AM,65,48.5,21.5
02-01-2026,11:12:00 AM,52,57.0,18.6
02-01-2026,11:13:00 AM,58,52.0,19.4
02-01-2026,11:14:00 AM,51,55.5,17.3
02-01-2026,11:15:00 AM,65,51.5,21.5
02-01-2026,11:16:00 AM,50,55.0,16.0
02-01-2026,11:17:00 AM,58,51.0,20.4
02-01-2026,11:18:00 AM,77,36.5,24.1
02-01-2026,11:19:00 AM,67,41.5,22.1
02-01-2026,11:20:00 AM,79,42.5,25.7
02-01-2026,11:21:00 AM,46,58.0,17.8
02-01-2026,11:22:00 AM,43,61.5,15.9
02-01-2026,11:23:00 AM,65,47.5,22.5
02-01-2026,11:24:00 AM,76,41.0,22.8
02-01-2026,11:25:00 AM,52,57.0,19.6
02-01-2026,11:26:00 AM,43,53.5,13.9
02-01-2026,11:27:00 AM,50,55.0,15.0
02-01-2026,11:28:00 AM,62,50.0,19.6
02-01-2026,11:29:00 AM,67,49.5,21.1
02-01-2026,11:30:00 AM,64,48.0,23.2
02-01-2026,11:31:00 AM,58,46.0,20.4
02-01-2026,11:32:00 AM,53,50.5,18.9
02-01-2026,11:33:00 AM,56,49.0,19.8
02-01-2026,11:34:00 AM,68,48.0,20.4
02-01-2026,11:35:00 AM,77,45.5,25.1
02-01-2026,11:36:00 AM,77,42.5,23.1
02-01-2026,11:37:00 AM,46,57.0,13.8
02-01-2026,11:38:00 AM,57,46.5,17.1
02-01-2026,11:39:00 AM,49,59.5,14.7
02-01-2026,11:40:00 AM,46,53.0,15.8
02-01-2026,11:41:00 AM,72,39.0,24.6
02-01-2026,11:42:00 AM,73,41.5,21.9
02-01-2026,11:43:00 AM,43,58.5,13.9
02-01-2026,11:44:00 AM,43,53.5,13.9
02-01-2026,11:45:00 AM,48,53.0,18.4
02-01-2026,11:46:00 AM,63,45.5,21.9
02-01-2026,11:47:00 AM,66,50.0,20.8
02-01-2026,11:48:00 AM,67,43.5,22.1
02-01-2026,11:49:00 AM,70,43.0,25.0
02-01-2026,11:50:00 AM,56,53.0,17.8
02-01-2026,11:51:00 AM,78,44.0,26.4
02-01-2026,11:52:00 AM,69,45.5,22.7
02-01-2026,11:53:00 AM,41,57.5,13.3
02-01-2026,11:54:00 AM,65,46.5,23.5
02-01-2026,11:55:00 AM,40,64.0,13.0
02-01-2026,11:56:00 AM,62,53.0,22.6
02-01-2026,11:57:00 AM,45,57.5,16.5
02-01-2026,11:58:00 AM,47,58.5,16.1
02-01-2026,11:59:00 AM,76,38.0,26.8
02-01-2026,12:00:00 PM,69,48.5,21.7
02-01-2026,12:01:00 PM,72,48.0,25.6
02-01-2026,12:02:00 PM,51,54.5,17.3
02-01-2026,12:03:00 PM,78,44.0,27.4
02-01-2026,12:04:00 PM,51,55.5,19.3
02-01-2026,12:05:00 PM,72,43.0,22.6
02-01-2026,12:06:00 PM,78,40.0,26.4
02-01-2026,12:07:00 PM,57,48.5,19.1
02-01-2026,12:08:00 PM,57,51.5,21.1
02-01-2026,12:09:00 PM,72,48.0,23.6
02-01-2026,12:10:00 PM,43,54.5,15.9
02-01-2026,12:11:00 PM,73,45.5,22.9
02-01-2026,12:12:00 PM,45,61.5,13.5
02-01-2026,12:13:00 PM,60,51.0,20.0
02-01-2026,12:14:00 PM,55,53.5,19.5
02-01-2026,12:15:00 PM,71,41.5,21.3
02-01-2026,12:16:00 PM,48,60.0,18.4
02-01-2026,12:17:00 PM,61,48.5,22.3
02-01-2026,12:18:00 PM,71,48.5,23.3
02-01-2026,12:19:00 PM,78,45.0,27.4
02-01-2026,12:20:00 PM,42,56.0,13.6
02-01-2026,12:21:00 PM,67,43.5,23.1
02-01-2026,12:22:00 PM,77,38.5,25.1
02-01-2026,12:23:00 PM,47,58.5,15.1
02-01-2026,12:24:00 PM,59,48.5,19.7
02-01-2026,12:25:00 PM,60,47.0,22.0
02-01-2026,12:26:00 PM,47,57.5,18.1
02-01-2026,12:27:00 PM,42,62.0,15.6
02-01-2026,12:28:00 PM,53,52.5,15.9
02-01-2026,12:29:00 PM,46,58.0,14.8
02-01-2026,12:30:00 PM,61,51.5,18.3
02-01-2026,12:31:00 PM,76,37.0,23.8
02-01-2026,12:32:00 PM,55,54.5,16.5
02-01-2026,12:33:00 PM,64,44.0,22.2
02-01-2026,12:34:00 PM,64,43.0,22.2
02-01-2026,12:35:00 PM,65,50.5,22.5
02-01-2026,12:36:00 PM,62,49.0,22.6
02-01-2026,12:37:00 PM,64,44.0,23.2
02-01-2026,12:38:00 PM,53,49.5,17.9
02-01-2026,12:39:00 PM,67,43.5,22.1
02-01-2026,12:40:00 PM,71,47.5,24.3
02-01-2026,12:41:00 PM,67,41.5,23.1
02-01-2026,12:42:00 PM,73,40.5,22.9
02-01-2026,12:43:00 PM,47,56.5,18.1
02-01-2026,12:44:00 PM,52,53.0,15.6
02-01-2026,12:45:00 PM,59,50.5,18.7
02-01-2026,12:46:00 PM,57,47.5,18.1
02-01-2026,12:47:00 PM,51,50.5,15.3
02-01-2026,12:48:00 PM,50,52.0,17.0
02-01-2026,12:49:00 PM,78,40.0,24.4
02-01-2026,12:50:00 PM,53,53.5,19.9
02-01-2026,12:51:00 PM,63,51.5,18.9
02-01-2026,12:52:00 PM,61,50.5,20.3
02-01-2026,12:53:00 PM,57,52.5,20.1
02-01-2026,12:54:00 PM,67,41.5,22.1
02-01-2026,12:55:00 PM,67,44.5,24.1
02-01-2026,12:56:00 PM,76,46.0,24.8
02-01-2026,12:57:00 PM,73,40.5,25.9
02-01-2026,12:58:00 PM,62,49.0,21.6
02-01-2026,12:59:00 PM,74,45.0,25.2
02-01-2026,01:00:00 PM,61,48.5,19.3
02-01-2026,01:01:00 PM,79,39.5,23.7
02-01-2026,01:02:00 PM,40,60.0,14.0
02-01-2026,01:03:00 PM,62,50.0,22.6
02-01-2026,01:04:00 PM,57,52.5,17.1
02-01-2026,01:05:00 PM,60,53.0,20.0
02-01-2026,01:06:00 PM,57,53.5,19.1
02-01-2026,01:07:00 PM,79,37.5,24.7
02-01-2026,01:08:00 PM,46,53.0,16.8
02-01-2026,01:09:00 PM,66,47.0,21.8
02-01-2026,01:10:00 PM,48,55.0,18.4
02-01-2026,01:11:00 PM,70,44.0,22.0
02-01-2026,01:12:00 PM,79,35.5,26.7
02-01-2026,01:13:00 PM,76,42.0,26.8
02-01-2026,01:14:00 PM,67,41.5,23.1
02-01-2026,01:15:00 PM,41,62.5,13.3
02-01-2026,01:16:00 PM,45,60.5,17.5
02-01-2026,01:17:00 PM,77,41.5,27.1
02-01-2026,01:18:00 PM,50,51.0,17.0
02-01-2026,01:19:00 PM,74,38.0,24.2
02-01-2026,01:20:00 PM,57,46.5,20.1
02-01-2026,01:21:00 PM,63,45.5,18.9
02-01-2026,01:22:00 PM,75,45.5,26.5
02-01-2026,01:23:00 PM,73,46.5,22.9
02-01-2026,01:24:00 PM,68,43.0,22.4
02-01-2026,01:25:00 PM,64,48.0,21.2
02-01-2026,01:26:00 PM,48,51.0,15.4
02-01-2026,01:27:00 PM,58,46.0,18.4
02-01-2026,01:28:00 PM,55,54.5,17.5
02-01-2026,01:29:00 PM,73,46.5,25.9
02-01-2026,01:30:00 PM,45,56.5,14.5
02-01-2026,01:31:00 PM,45,60.5,15.5
02-01-2026,01:32:00 PM,78,45.0,24.4
02-01-2026,01:33:00 PM,69,48.5,23.7
02-01-2026,01:34:00 PM,57,53.5,20.1
02-01-2026,01:35:00 PM,48,54.0,14.4
02-01-2026,01:36:00 PM,48,60.0,17.4
02-01-2026,01:37:00 PM,56,49.0,16.8
02-01-2026,01:38:00 PM,44,59.0,17.2
02-01-2026,01:39:00 PM,59,46.5,18.7
02-01-2026,01:40:00 PM,68,44.0,21.4
02-01-2026,01:41:00 PM,49,58.5,16.7
02-01-2026,01:42:00 PM,48,55.0,16.4
02-01-2026,01:43:00 PM,74,42.0,26.2
02-01-2026,01:44:00 PM,52,52.0,19.6
02-01-2026,01:45:00 PM,51,53.5,16.3
02-01-2026,01:46:00 PM,48,54.0,15.4
02-01-2026,01:47:00 PM,62,50.0,22.6
02-01-2026,01:48:00 PM,62,53.0,20.6
02-01-2026,01:49:00 PM,44,59.0,13.2
02-01-2026,01:50:00 PM,70,41.0,24.0
02-01-2026,01:51:00 PM,56,48.0,16.8
02-01-2026,01:52:00 PM,52,58.0,18.6
02-01-2026,01:53:00 PM,45,54.5,14.5
02-01-2026,01:54:00 PM,74,39.0,24.2
02-01-2026,01:55:00 PM,59,49.5,19.7
02-01-2026,01:56:00 PM,61,46.5,18.3
02-01-2026,01:57:00 PM,43,61.5,15.9
02-01-2026,01:58:00 PM,74,44.0,22.2
02-01-2026,01:59:00 PM,58,51.0,20.4
02-01-2026,02:00:00 PM,46,54.0,13.8
02-01-2026,02:01:00 PM,64,48.0,21.2
02-01-2026,02:02:00 PM,47,52.5,17.1
02-01-2026,02:03:00 PM,55,50.5,18.5
02-01-2026,02:04:00 PM,56,53.0,18.8
02-01-2026,02:05:00 PM,49,51.5,17.7
02-01-2026,02:06:00 PM,64,48.0,20.2
02-01-2026,02:07:00 PM,62,49.0,22.6
02-01-2026,02:08:00 PM,64,49.0,19.2
02-01-2026,02:09:00 PM,63,52.5,20.9
02-01-2026,02:10:00 PM,73,40.5,23.9
02-01-2026,02:11:00 PM,77,38.5,24.1
02-01-2026,02:12:00 PM,60,50.0,20.0
02-01-2026,02:13:00 PM,47,53.5,17.1
02-01-2026,02:14:00 PM,71,44.5,23.3
02-01-2026,02:15:00 PM,46,60.0,17.8
02-01-2026,02:16:00 PM,40,62.0,15.0
02-01-2026,02:17:00 PM,74,40.0,26.2
02-01-2026,02:18:00 PM,79,41.5,25.7
02-01-2026,02:19:00 PM,40,60.0,15.0
02-01-2026,02:20:00 PM,62,52.0,20.6
02-01-2026,02:21:00 PM,50,59.0,19.0
02-01-2026,02:22:00 PM,72,40.0,24.6
02-01-2026,02:23:00 PM,76,45.0,24.8
02-01-2026,02:24:00 PM,56,49.0,20.8
02-01-2026,02:25:00 PM,71,41.5,24.3
02-01-2026,02:26:00 PM,74,41.0,26.2
02-01-2026,02:27:00 PM,70,40.0,24.0
02-01-2026,02:28:00 PM,63,46.5,19.9
02-01-2026,02:29:00 PM,53,49.5,17.9
02-01-2026,02:30:00 PM,54,49.0,19.2
02-01-2026,02:31:00 PM,47,53.5,18.1
02-01-2026,02:32:00 PM,73,45.5,25.9
02-01-2026,02:33:00 PM,71,42.5,21.3
02-01-2026,02:34:00 PM,52,49.0,16.6
02-01-2026,02:35:00 PM,54,56.0,20.2
02-01-2026,02:36:00 PM,73,39.5,25.9
02-01-2026,02:37:00 PM,70,48.0,23.0
02-01-2026,02:38:00 PM,41,54.5,16.3
02-01-2026,02:39:00 PM,53,56.5,19.9
02-01-2026,02:40:00 PM,59,49.5,21.7
02-01-2026,02:41:00 PM,61,46.5,22.3
02-01-2026,02:42:00 PM,55,48.5,17.5
02-01-2026,02:43:00 PM,56,56.0,17.8
02-01-2026,02:44:00 PM,43,57.5,13.9
02-01-2026,02:45:00 PM,69,45.5,20.7
02-01-2026,02:46:00 PM,78,44.0,27.4
02-01-2026,02:47:00 PM,44,56.0,15.2
02-01-2026,02:48:00 PM,76,44.0,22.8
02-01-2026,02:49:00 PM,44,62.0,13.2
02-01-2026,02:50:00 PM,41,62.5,14.3
02-01-2026,02:51:00 PM,75,42.5,23.5
02-01-2026,02:52:00 PM,68,46.0,22.4
02-01-2026,02:53:00 PM,72,40.0,21.6
02-01-2026,02:54:00 PM,72,39.0,24.6
02-01-2026,02:55:00 PM,43,54.5,14.9
02-01-2026,02:56:00 PM,71,39.5,24.3
02-01-2026,02:57:00 PM,75,42.5,23.5
02-01-2026,02:58:00 PM,62,45.0,19.6
02-01-2026,02:59:00 PM,63,50.5,18.9
02-01-2026,03:00:00 PM,52,56.0,16.6
02-01-2026,03:01:00 PM,52,49.0,19.6
02-01-2026,03:02:00 PM,78,45.0,23.4
02-01-2026,03:03:00 PM,54,49.0,18.2
02-01-2026,03:04:00 PM,69,49.5,21.7
02-01-2026,03:05:00 PM,43,55.5,13.9
02-01-2026,03:06:00 PM,46,59.0,14.8
02-01-2026,03:07:00 PM,40,58.0,12.0
02-01-2026,03:08:00 PM,68,45.0,21.4
02-01-2026,03:09:00 PM,53,56.5,17.9
02-01-2026,03:10:00 PM,51,58.5,17.3
02-01-2026,03:11:00 PM,45,55.5,15.5
02-01-2026,03:12:00 PM,77,43.5,23.1
02-01-2026,03:13:00 PM,63,49.5,20.9
02-01-2026,03:14:00 PM,61,52.5,21.3
02-01-2026,03:15:00 PM,74,43.0,24.2
02-01-2026,03:16:00 PM,59,47.5,17.7
02-01-2026,03:17:00 PM,73,38.5,22.9
02-01-2026,03:18:00 PM,56,52.0,16.8
02-01-2026,03:19:00 PM,54,55.0,18.2
02-01-2026,03:20:00 PM,58,54.0,20.4
02-01-2026,03:21:00 PM,73,40.5,22.9
02-01-2026,03:22:00 PM,40,58.0,16.0
02-01-2026,03:23:00 PM,68,46.0,24.4
02-01-2026,03:24:00 PM,40,57.0,12.0
02-01-2026,03:25:00 PM,66,46.0,23.8
02-01-2026,03:26:00 PM,55,52.5,17.5
02-01-2026,03:27:00 PM,55,47.5,19.5
02-01-2026,03:28:00 PM,49,50.5,14.7
02-01-2026,03:29:00 PM,62,50.0,21.6
02-01-2026,03:30:00 PM,46,53.0,17.8
02-01-2026,03:31:00 PM,43,59.5,14.9
02-01-2026,03:32:00 PM,41,63.5,13.3
02-01-2026,03:33:00 PM,56,51.0,19.8
02-01-2026,03:34:00 PM,45,57.5,13.5
02-01-2026,03:35:00 PM,59,45.5,21.7
02-01-2026,03:36:00 PM,45,54.5,14.5
02-01-2026,03:37:00 PM,45,52.5,14.5
02-01-2026,03:38:00 PM,52,55.0,18.6
02-01-2026,03:39:00 PM,66,51.0,19.8
02-01-2026,03:40:00 PM,54,51.0,20.2
02-01-2026,03:41:00 PM,66,50.0,23.8
02-01-2026,03:42:00 PM,41,60.5,13.3
02-01-2026,03:43:00 PM,72,45.0,25.6
02-01-2026,03:44:00 PM,65,44.5,21.5
02-01-2026,03:45:00 PM,62,45.0,18.6
02-01-2026,03:46:00 PM,62,50.0,20.6
02-01-2026,03:47:00 PM,71,40.5,23.3
02-01-2026,03:48:00 PM,46,60.0,13.8
02-01-2026,03:49:00 PM,53,51.5,16.9
02-01-2026,03:50:00 PM,46,61.0,14.8
02-01-2026,03:51:00 PM,69,43.5,24.7
02-01-2026,03:52:00 PM,56,47.0,17.8
02-01-2026,03:53:00 PM,51,56.5,15.3
02-01-2026,03:54:00 PM,71,39.5,23.3
02-01-2026,03:55:00 PM,41,57.5,13.3
02-01-2026,03:56:00 PM,46,60.0,16.8
02-01-2026,03:57:00 PM,61,53.5,18.3
02-01-2026,03:58:00 PM,50,59.0,15.0
02-01-2026,03:59:00 PM,76,41.0,22.8
02-01-2026,04:00:00 PM,63,50.5,18.9
02-01-2026,04:01:00 PM,56,54.0,20.8
02-01-2026,04:02:00 PM,41,62.5,15.3
02-01-2026,04:03:00 PM,63,51.5,21.9
02-01-2026,04:04:00 PM,56,47.0,20.8
02-01-2026,04:05:00 PM,69,47.5,21.7
02-01-2026,04:06:00 PM,50,54.0,19.0
02-01-2026,04:07:00 PM,57,52.5,21.1
02-01-2026,04:08:00 PM,63,52.5,22.9
02-01-2026,04:09:00 PM,56,48.0,17.8
02-01-2026,04:10:00 PM,59,49.5,21.7
02-01-2026,04:11:00 PM,57,46.5,17.1
02-01-2026,04:12:00 PM,53,48.5,19.9
02-01-2026,04:13:00 PM,70,43.0,22.0
02-01-2026,04:14:00 PM,59,52.5,19.7
02-01-2026,04:15:00 PM,48,55.0,16.4
02-01-2026,04:16:00 PM,65,45.5,20.5
02-01-2026,04:17:00 PM,64,52.0,20.2
02-01-2026,04:18:00 PM,67,41.5,21.1
02-01-2026,04:19:00 PM,71,43.5,23.3
02-01-2026,04:20:00 PM,41,54.5,13.3
02-01-2026,04:21:00 PM,58,46.0,20.4
02-01-2026,04:22:00 PM,72,39.0,23.6
02-01-2026,04:23:00 PM,65,44.5,22.5
02-01-2026,04:24:00 PM,75,41.5,25.5
02-01-2026,04:25:00 PM,55,54.5,20.5
02-01-2026,04:26:00 PM,40,55.0,12.0
02-01-2026,04:27:00 PM,49,55.5,15.7
02-01-2026,04:28:00 PM,47,57.5,17.1
02-01-2026,04:29:00 PM,45,55.5,13.5
02-01-2026,04:30:00 PM,53,57.5,16.9
02-01-2026,04:31:00 PM,53,54.5,15.9
02-01-2026,04:32:00 PM,65,50.5,23.5
02-01-2026,04:33:00 PM,59,47.5,20.7
02-01-2026,04:34:00 PM,43,62.5,14.9
02-01-2026,04:35:00 PM,41,54.5,15.3
02-01-2026,04:36:00 PM,65,42.5,23.5
02-01-2026,04:37:00 PM,53,55.5,16.9
02-01-2026,04:38:00 PM,65,46.5,22.5
02-01-2026,04:39:00 PM,75,44.5,23.5
02-01-2026,04:40:00 PM,48,57.0,18.4
02-01-2026,04:41:00 PM,62,44.0,21.6
02-01-2026,04:42:00 PM,41,57.5,15.3
02-01-2026,04:43:00 PM,42,60.0,15.6
02-01-2026,04:44:00 PM,79,36.5,26.7
02-01-2026,04:45:00 PM,53,50.5,16.9
02-01-2026,04:46:00 PM,45,55.5,14.5
02-01-2026,04:47:00 PM,51,52.5,17.3
02-01-2026,04:48:00 PM,69,44.5,22.7
02-01-2026,04:49:00 PM,79,41.5,25.7
02-01-2026,04:50:00 PM,45,55.5,15.5
02-01-2026,04:51:00 PM,76,43.0,24.8
02-01-2026,04:52:00 PM,44,55.0,14.2
02-01-2026,04:53:00 PM,44,59.0,17.2
02-01-2026,04:54:00 PM,76,45.0,24.8
02-01-2026,04:55:00 PM,68,46.0,20.4
02-01-2026,04:56:00 PM,65,46.5,23.5
02-01-2026,04:57:00 PM,50,55.0,16.0
02-01-2026,04:58:00 PM,63,45.5,19.9
02-01-2026,04:59:00 PM,51,54.5,18.3
02-01-2026,05:00:00 PM,73,46.5,22.9
02-01-2026,05:01:00 PM,56,47.0,18.8
02-01-2026,05:02:00 PM,70,42.0,21.0
02-01-2026,05:03:00 PM,51,55.5,18.3
02-01-2026,05:04:00 PM,52,50.0,16.6
02-01-2026,05:05:00 PM,60,50.0,18.0
02-01-2026,05:06:00 PM,43,54.5,16.9
02-01-2026,05:07:00 PM,58,47.0,20.4
02-01-2026,05:08:00 PM,56,56.0,17.8
02-01-2026,05:09:00 PM,45,59.5,17.5
02-01-2026,05:10:00 PM,50,58.0,18.0
02-01-2026,05:11:00 PM,48,52.0,15.4
02-01-2026,05:12:00 PM,50,54.0,18.0
02-01-2026,05:13:00 PM,49,54.5,17.7
02-01-2026,05:14:00 PM,47,54.5,18.1
02-01-2026,05:15:00 PM,51,54.5,16.3
02-01-2026,05:16:00 PM,60,50.0,22.0
02-01-2026,05:17:00 PM,69,46.5,23.7
02-01-2026,05:18:00 PM,63,49.5,18.9
02-01-2026,05:19:00 PM,40,64.0,16.0
02-01-2026,05:20:00 PM,61,53.5,19.3
02-01-2026,05:21:00 PM,45,52.5,15.5
02-01-2026,05:22:00 PM,77,43.5,25.1
02-01-2026,05:23:00 PM,49,57.5,18.7
02-01-2026,05:24:00 PM,45,56.5,13.5
02-01-2026,05:25:00 PM,78,43.0,23.4
02-01-2026,05:26:00 PM,57,53.5,20.1
02-01-2026,05:27:00 PM,71,48.5,23.3
02-01-2026,05:28:00 PM,49,58.5,17.7
02-01-2026,05:29:00 PM,71,48.5,22.3
02-01-2026,05:30:00 PM,64,49.0,20.2
02-01-2026,05:31:00 PM,79,41.5,27.7
02-01-2026,05:32:00 PM,70,46.0,21.0
02-01-2026,05:33:00 PM,60,46.0,19.0
02-01-2026,05:34:00 PM,72,43.0,22.6
02-01-2026,05:35:00 PM,59,47.5,19.7
02-01-2026,05:36:00 PM,57,53.5,21.1
02-01-2026,05:37:00 PM,69,44.5,21.7
02-01-2026,05:38:00 PM,62,47.0,18.6
02-01-2026,05:39:00 PM,50,51.0,16.0
02-01-2026,05:40:00 PM,65,45.5,19.5
02-01-2026,05:41:00 PM,52,56.0,15.6
02-01-2026,05:42:00 PM,43,62.5,14.9
02-01-2026,05:43:00 PM,57,50.5,19.1
02-01-2026,05:44:00 PM,62,49.0,18.6
02-01-2026,05:45:00 PM,51,56.5,16.3
02-01-2026,05:46:00 PM,47,52.5,14.1
02-01-2026,05:47:00 PM,44,62.0,17.2
02-01-2026,05:48:00 PM,58,48.0,18.4
02-01-2026,05:49:00 PM,79,44.5,24.7
02-01-2026,05:50:00 PM,51,50.5,17.3
02-01-2026,05:51:00 PM,67,42.5,24.1
02-01-2026,05:52:00 PM,76,42.0,25.8
02-01-2026,05:53:00 PM,41,58.5,13.3
02-01-2026,05:54:00 PM,65,49.5,22.5
02-01-2026,05:55:00 PM,55,53.5,19.5
02-01-2026,05:56:00 PM,48,55.0,18.4
02-01-2026,05:57:00 PM,44,62.0,16.2
02-01-2026,05:58:00 PM,52,57.0,19.6
02-01-2026,05:59:00 PM,54,57.0,19.2
02-01-2026,06:00:00 PM,71,41.5,24.3
02-01-2026,06:01:00 PM,60,50.0,18.0
02-01-2026,06:02:00 PM,43,62.5,16.9
02-01-2026,06:03:00 PM,76,43.0,26.8
02-01-2026,06:04:00 PM,60,45.0,20.0
02-01-2026,06:05:00 PM,78,43.0,27.4
02-01-2026,06:06:00 PM,62,47.0,22.6
02-01-2026,06:07:00 PM,64,52.0,23.2
02-01-2026,06:08:00 PM,72,47.0,24.6
02-01-2026,06:09:00 PM,44,58.0,16.2
02-01-2026,06:10:00 PM,67,48.5,22.1
02-01-2026,06:11:00 PM,44,54.0,14.2
02-01-2026,06:12:00 PM,52,55.0,16.6
02-01-2026,06:13:00 PM,53,57.5,18.9
02-01-2026,06:14:00 PM,72,45.0,21.6
02-01-2026,06:15:00 PM,47,55.5,16.1
02-01-2026,06:16:00 PM,49,58.5,18.7
02-01-2026,06:17:00 PM,68,43.0,22.4
02-01-2026,06:18:00 PM,49,55.5,17.7
02-01-2026,06:19:00 PM,70,41.0,24.0
02-01-2026,06:20:00 PM,64,49.0,22.2
02-01-2026,06:21:00 PM,73,41.5,25.9
02-01-2026,06:22:00 PM,42,62.0,16.6
02-01-2026,06:23:00 PM,57,48.5,17.1
02-01-2026,06:24:00 PM,73,46.5,24.9
02-01-2026,06:25:00 PM,68,49.0,24.4
02-01-2026,06:26:00 PM,54,57.0,19.2
02-01-2026,06:27:00 PM,44,54.0,14.2
02-01-2026,06:28:00 PM,40,61.0,13.0
02-01-2026,06:29:00 PM,56,54.0,18.8
02-01-2026,06:30:00 PM,78,45.0,23.4
02-01-2026,06:31:00 PM,77,42.5,26.1
02-01-2026,06:32:00 PM,48,54.0,15.4
02-01-2026,06:33:00 PM,63,50.5,20.9
02-01-2026,06:34:00 PM,73,44.5,21.9
02-01-2026,06:35:00 PM,65,50.5,23.5
02-01-2026,06:36:00 PM,54,51.0,19.2
02-01-2026,06:37:00 PM,69,43.5,22.7
02-01-2026,06:38:00 PM,61,44.5,19.3
02-01-2026,06:39:00 PM,51,55.5,19.3
02-01-2026,06:40:00 PM,43,62.5,16.9
02-01-2026,06:41:00 PM,59,51.5,20.7
02-01-2026,06:42:00 PM,55,51.5,20.5
02-01-2026,06:43:00 PM,54,48.0,17.2
02-01-2026,06:44:00 PM,76,39.0,26.8
02-01-2026,06:45:00 PM,57,49.5,20.1
02-01-2026,06:46:00 PM,59,48.5,19.7
02-01-2026,06:47:00 PM,46,60.0,16.8
02-01-2026,06:48:00 PM,43,54.5,13.9
02-01-2026,06:49:00 PM,44,59.0,14.2
02-01-2026,06:50:00 PM,71,48.5,21.3
02-01-2026,06:51:00 PM,52,55.0,19.6
02-01-2026,06:52:00 PM,49,59.5,16.7
02-01-2026,06:53:00 PM,60,52.0,18.0
02-01-2026,06:54:00 PM,67,41.5,24.1
02-01-2026,06:55:00 PM,69,44.5,20.7
02-01-2026,06:56:00 PM,48,51.0,18.4
02-01-2026,06:57:00 PM,70,43.0,25.0
02-01-2026,06:58:00 PM,79,40.5,25.7
02-01-2026,06:59:00 PM,58,49.0,18.4
02-01-2026,07:00:00 PM,72,46.0,21.6
02-01-2026,07:01:00 PM,68,41.0,23.4
02-01-2026,07:02:00 PM,49,55.5,14.7
02-01-2026,07:03:00 PM,40,61.0,13.0
02-01-2026,07:04:00 PM,66,46.0,22.8
02-01-2026,07:05:00 PM,55,54.5,19.5
02-01-2026,07:06:00 PM,59,50.5,17.7
02-01-2026,07:07:00 PM,67,45.5,24.1
02-01-2026,07:08:00 PM,57,51.5,17.1
02-01-2026,07:09:00 PM,68,43.0,20.4
02-01-2026,07:10:00 PM,40,57.0,13.0
02-01-2026,07:11:00 PM,60,47.0,18.0
02-01-2026,07:12:00 PM,79,37.5,23.7
02-01-2026,07:13:00 PM,77,42.5,26.1
02-01-2026,07:14:00 PM,73,42.5,23.9
02-01-2026,07:15:00 PM,52,49.0,15.6
02-01-2026,07:16:00 PM,56,48.0,18.8
02-01-2026,07:17:00 PM,58,53.0,18.4
02-01-2026,07:18:00 PM,59,53.5,17.7
02-01-2026,07:19:00 PM,66,43.0,22.8
02-01-2026,07:20:00 PM,58,46.0,21.4
02-01-2026,07:21:00 PM,78,37.0,27.4
02-01-2026,07:22:00 PM,46,52.0,16.8
02-01-2026,07:23:00 PM,79,38.5,23.7
02-01-2026,07:24:00 PM,44,56.0,17.2
02-01-2026,07:25:00 PM,48,54.0,16.4
02-01-2026,07:26:00 PM,63,47.5,19.9
02-01-2026,07:27:00 PM,58,47.0,17.4
02-01-2026,07:28:00 PM,69,47.5,22.7
02-01-2026,07:29:00 PM,74,44.0,22.2
02-01-2026,07:30:00 PM,40,63.0,15.0
02-01-2026,07:31:00 PM,63,45.5,20.9
02-01-2026,07:32:00 PM,58,49.0,17.4
02-01-2026,07:33:00 PM,60,45.0,22.0
02-01-2026,07:34:00 PM,40,64.0,14.0
02-01-2026,07:35:00 PM,71,45.5,24.3
02-01-2026,07:36:00 PM,61,45.5,20.3
02-01-2026,07:37:00 PM,67,42.5,22.1
02-01-2026,07:38:00 PM,78,36.0,27.4
02-01-2026,07:39:00 PM,57,53.5,18.1
02-01-2026,07:40:00 PM,46,55.0,14.8
02-01-2026,07:41:00 PM,77,44.5,25.1
02-01-2026,07:42:00 PM,48,58.0,16.4
02-01-2026,07:43:00 PM,74,39.0,26.2
02-01-2026,07:44:00 PM,53,51.5,18.9
02-01-2026,07:45:00 PM,64,44.0,21.2
02-01-2026,07:46:00 PM,53,53.5,18.9
02-01-2026,07:47:00 PM,77,42.5,26.1
02-01-2026,07:48:00 PM,54,55.0,16.2
02-01-2026,07:49:00 PM,40,61.0,12.0
02-01-2026,07:50:00 PM,70,49.0,25.0
02-01-2026,07:51:00 PM,77,42.5,24.1
02-01-2026,07:52:00 PM,41,63.5,15.3
02-01-2026,07:53:00 PM,56,50.0,16.8
02-01-2026,07:54:00 PM,70,42.0,24.0
02-01-2026,07:55:00 PM,78,42.0,24.4
02-01-2026,07:56:00 PM,45,53.5,17.5
02-01-2026,07:57:00 PM,73,43.5,22.9
02-01-2026,07:58:00 PM,76,38.0,24.8
02-01-2026,07:59:00 PM,42,59.0,13.6
02-01-2026,08:00:00 PM,42,54.0,16.6
02-01-2026,08:01:00 PM,41,57.5,13.3
02-01-2026,08:02:00 PM,78,43.0,23.4
02-01-2026,08:03:00 PM,45,54.5,17.5
02-01-2026,08:04:00 PM,71,48.5,21.3
02-01-2026,08:05:00 PM,66,44.0,23.8
02-01-2026,08:06:00 PM,63,48.5,21.9
02-01-2026,08:07:00 PM,63,45.5,20.9
02-01-2026,08:08:00 PM,43,61.5,16.9
02-01-2026,08:09:00 PM,79,40.5,25.7
02-01-2026,08:10:00 PM,70,47.0,24.0
02-01-2026,08:11:00 PM,64,50.0,23.2
02-01-2026,08:12:00 PM,43,58.5,12.9
02-01-2026,08:13:00 PM,75,44.5,22.5
02-01-2026,08:14:00 PM,74,38.0,22.2
02-01-2026,08:15:00 PM,41,62.5,16.3
02-01-2026,08:16:00 PM,41,57.5,15.3
02-01-2026,08:17:00 PM,65,47.5,21.5
02-01-2026,08:18:00 PM,42,56.0,15.6
02-01-2026,08:19:00 PM,51,56.5,19.3
02-01-2026,08:20:00 PM,59,51.5,21.7
02-01-2026,08:21:00 PM,51,56.5,16.3
02-01-2026,08:22:00 PM,72,47.0,25.6
02-01-2026,08:23:00 PM,74,40.0,26.2
02-01-2026,08:24:00 PM,65,48.5,23.5
02-01-2026,08:25:00 PM,49,59.5,17.7
02-01-2026,08:26:00 PM,73,40.5,23.9
02-01-2026,08:27:00 PM,46,53.0,13.8
02-01-2026,08:28:00 PM,71,42.5,21.3
02-01-2026,08:29:00 PM,73,39.5,21.9
02-01-2026,08:30:00 PM,51,55.5,15.3
02-01-2026,08:31:00 PM,50,55.0,19.0
02-01-2026,08:32:00 PM,62,49.0,19.6
02-01-2026,08:33:00 PM,61,47.5,18.3
02-01-2026,08:34:00 PM,54,48.0,20.2
02-01-2026,08:35:00 PM,47,55.5,14.1
02-01-2026,08:36:00 PM,72,44.0,22.6
02-01-2026,08:37:00 PM,44,59.0,14.2
02-01-2026,08:38:00 PM,77,41.5,27.1
02-01-2026,08:39:00 PM,76,39.0,23.8
02-01-2026,08:40:00 PM,54,57.0,18.2
02-01-2026,08:41:00 PM,57,52.5,17.1
02-01-2026,08:42:00 PM,55,52.5,18.5
02-01-2026,08:43:00 PM,73,39.5,25.9
02-01-2026,08:44:00 PM,55,51.5,19.5
02-01-2026,08:45:00 PM,78,39.0,27.4
02-01-2026,08:46:00 PM,66,51.0,23.8
02-01-2026,08:47:00 PM,66,51.0,20.8
02-01-2026,08:48:00 PM,77,40.5,26.1
02-01-2026,08:49:00 PM,73,42.5,22.9
02-01-2026,08:50:00 PM,70,42.0,21.0
02-01-2026,08:51:00 PM,68,46.0,24.4
02-01-2026,08:52:00 PM,78,39.0,25.4
02-01-2026,08:53:00 PM,68,44.0,22.4
02-01-2026,08:54:00 PM,72,44.0,22.6
02-01-2026,08:55:00 PM,50,50.0,19.0
02-01-2026,08:56:00 PM,78,41.0,24.4
02-01-2026,08:57:00 PM,66,45.0,21.8
02-01-2026,08:58:00 PM,57,46.5,19.1
02-01-2026,08:59:00 PM,74,44.0,22.2
02-01-2026,09:00:00 PM,64,48.0,22.2
02-01-2026,09:01:00 PM,42,56.0,13.6
02-01-2026,09:02:00 PM,57,55.5,21.1
02-01-2026,09:03:00 PM,48,52.0,15.4
02-01-2026,09:04:00 PM,77,45.5,24.1
02-01-2026,09:05:00 PM,51,52.5,19.3
02-01-2026,09:06:00 PM,45,52.5,15.5
02-01-2026,09:07:00 PM,49,54.5,15.7
02-01-2026,09:08:00 PM,60,54.0,21.0
02-01-2026,09:09:00 PM,65,49.5,23.5
02-01-2026,09:10:00 PM,54,48.0,20.2
02-01-2026,09:11:00 PM,42,57.0,16.6
02-01-2026,09:12:00 PM,55,53.5,18.5
02-01-2026,09:13:00 PM,60,46.0,20.0
02-01-2026,09:14:00 PM,77,45.5,24.1
02-01-2026,09:15:00 PM,77,44.5,25.1
02-01-2026,09:16:00 PM,47,58.5,14.1
02-01-2026,09:17:00 PM,46,57.0,17.8
02-01-2026,09:18:00 PM,47,53.5,18.1
02-01-2026,09:19:00 PM,59,52.5,18.7
02-01-2026,09:20:00 PM,70,41.0,21.0
02-01-2026,09:21:00 PM,68,49.0,21.4
02-01-2026,09:22:00 PM,49,55.5,17.7
02-01-2026,09:23:00 PM,59,50.5,21.7
02-01-2026,09:24:00 PM,61,50.5,18.3
02-01-2026,09:25:00 PM,79,40.5,26.7
02-01-2026,09:26:00 PM,77,40.5,23.1
02-01-2026,09:27:00 PM,48,59.0,16.4
02-01-2026,09:28:00 PM,63,52.5,22.9
02-01-2026,09:29:00 PM,67,48.5,24.1
02-01-2026,09:30:00 PM,44,62.0,14.2
02-01-2026,09:31:00 PM,75,45.5,24.5
02-01-2026,09:32:00 PM,41,62.5,12.3
02-01-2026,09:33:00 PM,66,42.0,20.8
02-01-2026,09:34:00 PM,64,48.0,23.2
02-01-2026,09:35:00 PM,42,59.0,16.6
02-01-2026,09:36:00 PM,45,56.5,14.5
02-01-2026,09:37:00 PM,57,52.5,18.1
02-01-2026,09:38:00 PM,51,54.5,19.3
02-01-2026,09:39:00 PM,59,51.5,20.7
02-01-2026,09:40:00 PM,40,55.0,12.0
02-01-2026,09:41:00 PM,40,59.0,15.0
02-01-2026,09:42:00 PM,69,48.5,22.7
02-01-2026,09:43:00 PM,50,57.0,18.0
02-01-2026,09:44:00 PM,65,42.5,20.5
02-01-2026,09:45:00 PM,74,45.0,25.2
02-01-2026,09:46:00 PM,75,44.5,24.5
02-01-2026,09:47:00 PM,56,49.0,16.8
02-01-2026,09:48:00 PM,73,38.5,22.9
02-01-2026,09:49:00 PM,43,57.5,14.9
02-01-2026,09:50:00 PM,52,58.0,17.6
02-01-2026,09:51:00 PM,57,47.5,17.1
02-01-2026,09:52:00 PM,62,50.0,20.6
02-01-2026,09:53:00 PM,78,38.0,26.4
02-01-2026,09:54:00 PM,46,52.0,14.8
02-01-2026,09:55:00 PM,72,43.0,22.6
02-01-2026,09:56:00 PM,46,55.0,16.8
02-01-2026,09:57:00 PM,75,37.5,25.5
02-01-2026,09:58:00 PM,74,43.0,25.2
02-01-2026,09:59:00 PM,64,52.0,21.2
02-01-2026,10:00:00 PM,40,59.0,14.0
02-01-2026,10:01:00 PM,61,51.5,20.3
02-01-2026,10:02:00 PM,76,41.0,25.8
02-01-2026,10:03:00 PM,75,40.5,25.5
02-01-2026,10:04:00 PM,57,47.5,17.1
02-01-2026,10:05:00 PM,57,51.5,18.1
02-01-2026,10:06:00 PM,60,48.0,21.0
02-01-2026,10:07:00 PM,78,42.0,27.4
02-01-2026,10:08:00 PM,65,46.5,19.5
02-01-2026,10:09:00 PM,55,49.5,16.5
02-01-2026,10:10:00 PM,70,40.0,25.0
02-01-2026,10:11:00 PM,41,57.5,14.3
02-01-2026,10:12:00 PM,72,41.0,22.6
02-01-2026,10:13:00 PM,78,45.0,25.4
02-01-2026,10:14:00 PM,59,46.5,19.7
02-01-2026,10:15:00 PM,58,50.0,18.4
02-01-2026,10:16:00 PM,55,50.5,19.5
02-01-2026,10:17:00 PM,68,47.0,23.4
02-01-2026,10:18:00 PM,74,42.0,22.2
02-01-2026,10:19:00 PM,71,48.5,23.3
02-01-2026,10:20:00 PM,56,51.0,20.8
02-01-2026,10:21:00 PM,48,51.0,14.4
02-01-2026,10:22:00 PM,75,40.5,23.5
02-01-2026,10:23:00 PM,48,59.0,18.4
02-01-2026,10:24:00 PM,53,56.5,16.9
02-01-2026,10:25:00 PM,68,44.0,21.4
02-01-2026,10:26:00 PM,78,38.0,25.4
02-01-2026,10:27:00 PM,77,45.5,24.1
02-01-2026,10:28:00 PM,59,54.5,17.7
02-01-2026,10:29:00 PM,77,39.5,23.1
02-01-2026,10:30:00 PM,67,44.5,24.1
02-01-2026,10:31:00 PM,47,52.5,17.1
02-01-2026,10:32:00 PM,44,58.0,17.2
02-01-2026,10:33:00 PM,70,48.0,22.0
02-01-2026,10:34:00 PM,71,39.5,23.3
02-01-2026,10:35:00 PM,69,41.5,23.7
02-01-2026,10:36:00 PM,68,43.0,21.4
02-01-2026,10:37:00 PM,69,48.5,21.7
02-01-2026,10:38:00 PM,41,56.5,15.3
02-01-2026,10:39:00 PM,64,45.0,23.2
02-01-2026,10:40:00 PM,78,38.0,23.4
02-01-2026,10:41:00 PM,41,59.5,12.3
02-01-2026,10:42:00 PM,70,41.0,22.0
02-01-2026,10:43:00 PM,52,53.0,16.6
02-01-2026,10:44:00 PM,49,57.5,16.7
02-01-2026,10:45:00 PM,64,44.0,23.2
02-01-2026,10:46:00 PM,69,46.5,22.7
02-01-2026,10:47:00 PM,52,51.0,16.6
02-01-2026,10:48:00 PM,63,47.5,20.9
02-01-2026,10:49:00 PM,51,49.5,18.3
02-01-2026,10:50:00 PM,41,60.5,13.3
02-01-2026,10:51:00 PM,65,43.5,23.5
02-01-2026,10:52:00 PM,75,44.5,25.5
02-01-2026,10:53:00 PM,61,48.5,20.3
02-01-2026,10:54:00 PM,69,41.5,22.7
02-01-2026,10:55:00 PM,69,47.5,21.7
02-01-2026,10:56:00 PM,48,53.0,17.4
02-01-2026,10:57:00 PM,79,43.5,25.7
02-01-2026,10:58:00 PM,44,60.0,15.2
02-01-2026,10:59:00 PM,62,51.0,19.6
02-01-2026,11:00:00 PM,66,44.0,20.8
02-01-2026,11:01:00 PM,68,47.0,23.4
02-01-2026,11:02:00 PM,72,41.0,25.6
02-01-2026,11:03:00 PM,58,46.0,18.4
02-01-2026,11:04:00 PM,71,46.5,25.3
02-01-2026,11:05:00 PM,67,45.5,24.1
02-01-2026,11:06:00 PM,65,46.5,23.5
02-01-2026,11:07:00 PM,67,41.5,22.1
02-01-2026,11:08:00 PM,62,44.0,20.6
02-01-2026,11:09:00 PM,57,47.5,21.1
02-01-2026,11:10:00 PM,69,49.5,24.7
02-01-2026,11:11:00 PM,78,36.0,24.4
02-01-2026,11:12:00 PM,40,55.0,13.0
02-01-2026,11:13:00 PM,45,53.5,14.5
02-01-2026,11:14:00 PM,63,44.5,20.9
02-01-2026,11:15:00 PM,47,60.5,14.1
02-01-2026,11:16:00 PM,68,50.0,21.4
02-01-2026,11:17:00 PM,78,38.0,25.4
02-01-2026,11:18:00 PM,62,50.0,19.6
02-01-2026,11:19:00 PM,64,47.0,19.2
02-01-2026,11:20:00 PM,49,54.5,16.7
02-01-2026,11:21:00 PM,48,54.0,15.4
02-01-2026,11:22:00 PM,64,44.0,21.2
02-01-2026,11:23:00 PM,73,40.5,23.9
02-01-2026,11:24:00 PM,45,58.5,13.5
02-01-2026,11:25:00 PM,58,48.0,18.4
02-01-2026,11:26:00 PM,78,44.0,26.4
02-01-2026,11:27:00 PM,51,53.5,17.3
02-01-2026,11:28:00 PM,50,58.0,18.0
02-01-2026,11:29:00 PM,44,53.0,15.2
02-01-2026,11:30:00 PM,67,42.5,23.1
02-01-2026,11:31:00 PM,52,57.0,16.6
02-01-2026,11:32:00 PM,76,44.0,24.8
02-01-2026,11:33:00 PM,61,47.5,20.3
02-01-2026,11:34:00 PM,68,43.0,23.4
02-01-2026,11:35:00 PM,70,49.0,21.0
02-01-2026,11:36:00 PM,55,56.5,16.5
02-01-2026,11:37:00 PM,71,41.5,22.3
02-01-2026,11:38:00 PM,63,49.5,19.9
02-01-2026,11:39:00 PM,77,38.5,24.1
